[
    {
        "book_color": "#ccccff",
        "book_number": 10,
        "long_name": "தொடக்க நூல்",
        "short_name": "தொ"
    },
    {
        "book_color": "#ccccff",
        "book_number": 20,
        "long_name": "விடுதலைப் பயணம்",
        "short_name": "விடு"
    },
    {
        "book_color": "#ccccff",
        "book_number": 30,
        "long_name": "லேவியர்",
        "short_name": "லேவ"
    },
    {
        "book_color": "#ccccff",
        "book_number": 40,
        "long_name": "எண்ணிக்கை",
        "short_name": "எண்"
    },
    {
        "book_color": "#ccccff",
        "book_number": 50,
        "long_name": "இணைச் சட்டம்",
        "short_name": "இண"
    },
    {
        "book_color": "#ffcc99",
        "book_number": 60,
        "long_name": "யோசுவா",
        "short_name": "யோ"
    },
    {
        "book_color": "#ffcc99",
        "book_number": 70,
        "long_name": "நீதித் தலைவர்கள்",
        "short_name": "நீதித்"
    },
    {
        "book_color": "#ffcc99",
        "book_number": 80,
        "long_name": "ரூத்து",
        "short_name": "ரூத்து"
    },
    {
        "book_color": "#ffcc99",
        "book_number": 90,
        "long_name": "1 சாமுவேல்",
        "short_name": "1சாமு"
    },
    {
        "book_color": "#ffcc99",
        "book_number": 100,
        "long_name": "2 சாமுவேல்",
        "short_name": "2சாமு"
    },
    {
        "book_color": "#ffcc99",
        "book_number": 110,
        "long_name": "1 அரசர்கள்",
        "short_name": "1அரச"
    },
    {
        "book_color": "#ffcc99",
        "book_number": 120,
        "long_name": "2 அரசர்கள்",
        "short_name": "2அரச"
    },
    {
        "book_color": "#ffcc99",
        "book_number": 130,
        "long_name": "1 குறிப்பேடு",
        "short_name": "1குறி"
    },
    {
        "book_color": "#ffcc99",
        "book_number": 140,
        "long_name": "2 குறிப்பேடு",
        "short_name": "2குறிப"
    },
    {
        "book_color": "#ffcc99",
        "book_number": 150,
        "long_name": "எஸ்ரா",
        "short_name": "எஸ்"
    },
    {
        "book_color": "#ffcc99",
        "book_number": 160,
        "long_name": "நெகேமியா",
        "short_name": "நெக"
    },
    {
        "book_color": "#ffcc99",
        "book_number": 190,
        "long_name": "எஸ்தர்",
        "short_name": "எஸ்"
    },
    {
        "book_color": "#66ff99",
        "book_number": 220,
        "long_name": "யோபு",
        "short_name": "யோ"
    },
    {
        "book_color": "#66ff99",
        "book_number": 230,
        "long_name": "திருப்பாடல்கள்",
        "short_name": "திருப்"
    },
    {
        "book_color": "#66ff99",
        "book_number": 240,
        "long_name": "நீதிமொழிகள்",
        "short_name": "நீதிம"
    },
    {
        "book_color": "#66ff99",
        "book_number": 250,
        "long_name": "சபை உரையாளர்",
        "short_name": "சபை"
    },
    {
        "book_color": "#66ff99",
        "book_number": 260,
        "long_name": "இனிமைமிகு பாடல்",
        "short_name": "இனி"
    },
    {
        "book_color": "#ff9fb4",
        "book_number": 290,
        "long_name": "எசாயா",
        "short_name": "எசா"
    },
    {
        "book_color": "#ff9fb4",
        "book_number": 300,
        "long_name": "எரேமியா",
        "short_name": "எரே"
    },
    {
        "book_color": "#ff9fb4",
        "book_number": 310,
        "long_name": "புலம்பல்",
        "short_name": "புலம்"
    },
    {
        "book_color": "#ff9fb4",
        "book_number": 330,
        "long_name": "எசேக்கியேல்",
        "short_name": "எசேக்"
    },
    {
        "book_color": "#ff9fb4",
        "book_number": 340,
        "long_name": "தானியேல்",
        "short_name": "தானி"
    },
    {
        "book_color": "#ffff99",
        "book_number": 350,
        "long_name": "ஓசேயா",
        "short_name": "ஓசே"
    },
    {
        "book_color": "#ffff99",
        "book_number": 360,
        "long_name": "யோவேல்",
        "short_name": "யோ"
    },
    {
        "book_color": "#ffff99",
        "book_number": 370,
        "long_name": "ஆமோஸ்",
        "short_name": "ஆமோ"
    },
    {
        "book_color": "#ffff99",
        "book_number": 380,
        "long_name": "ஒபதியா",
        "short_name": "ஒபதி"
    },
    {
        "book_color": "#ffff99",
        "book_number": 390,
        "long_name": "யோனா",
        "short_name": "யோ"
    },
    {
        "book_color": "#ffff99",
        "book_number": 400,
        "long_name": "மீக்கா",
        "short_name": "மீக்க"
    },
    {
        "book_color": "#ffff99",
        "book_number": 410,
        "long_name": "நாகூம்",
        "short_name": "நாகூ"
    },
    {
        "book_color": "#ffff99",
        "book_number": 420,
        "long_name": "அபக்கூக்கு",
        "short_name": "அபக்"
    },
    {
        "book_color": "#ffff99",
        "book_number": 430,
        "long_name": "செப்பனியா",
        "short_name": "செப்"
    },
    {
        "book_color": "#ffff99",
        "book_number": 440,
        "long_name": "ஆகாய்",
        "short_name": "ஆகா"
    },
    {
        "book_color": "#ffff99",
        "book_number": 450,
        "long_name": "செக்கரியா",
        "short_name": "செக்"
    },
    {
        "book_color": "#ffff99",
        "book_number": 460,
        "long_name": "மலாக்கி",
        "short_name": "மலா"
    },
    {
        "book_color": "#ff6600",
        "book_number": 470,
        "long_name": "மத்தேயு நற்செய்தியை ",
        "short_name": "மத்தே  "
    },
    {
        "book_color": "#ff6600",
        "book_number": 480,
        "long_name": "மாற்கு நற்செய்தியை ",
        "short_name": "மாற்  "
    },
    {
        "book_color": "#ff6600",
        "book_number": 490,
        "long_name": "லூக்கா நற்செய்தியை ",
        "short_name": "லூக் "
    },
    {
        "book_color": "#ff6600",
        "book_number": 500,
        "long_name": "யோவான் நற்செய்தியை ",
        "short_name": "யோ "
    },
    {
        "book_color": "#00ffff",
        "book_number": 510,
        "long_name": "திருத்தூதர் பணிகள்",
        "short_name": "திருத்"
    },
    {
        "book_color": "#ffff00",
        "book_number": 520,
        "long_name": "உரோமையருக்கு எழுதிய திருமுகம்",
        "short_name": "உரோ"
    },
    {
        "book_color": "#ffff00",
        "book_number": 530,
        "long_name": "கொரிந்தியருக்கு எழுதிய முதல் திருமுகம்",
        "short_name": "1கொ"
    },
    {
        "book_color": "#ffff00",
        "book_number": 540,
        "long_name": "கொரிந்தியருக்கு எழுதிய இரண்டாம் திருமுகம்",
        "short_name": "2கொ"
    },
    {
        "book_color": "#ffff00",
        "book_number": 550,
        "long_name": "கலாத்தியருக்கு எழுதிய திருமுகம்",
        "short_name": "கலா"
    },
    {
        "book_color": "#ffff00",
        "book_number": 560,
        "long_name": "எபேசியருக்கு எழுதிய திருமுகம்",
        "short_name": "எபேசி"
    },
    {
        "book_color": "#ffff00",
        "book_number": 570,
        "long_name": "பிலிப்பியருக்கு எழுதிய திருமுகம்",
        "short_name": "பிலிப்"
    },
    {
        "book_color": "#ffff00",
        "book_number": 580,
        "long_name": "கொலோசையருக்கு எழுதிய திருமுகம்",
        "short_name": "கொ"
    },
    {
        "book_color": "#ffff00",
        "book_number": 590,
        "long_name": "தெசலோனிக்கருக்கு எழுதிய முதல் திருமுகம்",
        "short_name": "1தெச"
    },
    {
        "book_color": "#ffff00",
        "book_number": 600,
        "long_name": "தெசலோனிக்கருக்கு எழுதிய இரண்டாம் திருமுகம்",
        "short_name": "2தெச"
    },
    {
        "book_color": "#ffff00",
        "book_number": 610,
        "long_name": "திமொத்தேயுவுக்கு எழுதிய முதல் திருமுகம்",
        "short_name": "1திமொ"
    },
    {
        "book_color": "#ffff00",
        "book_number": 620,
        "long_name": "திமொத்தேயுவுக்கு எழுதிய இரண்டாம் திருமுகம்",
        "short_name": "2திமொ"
    },
    {
        "book_color": "#ffff00",
        "book_number": 630,
        "long_name": "தீத்துவுக்கு எழுதிய திருமுகம்",
        "short_name": "தீத்து"
    },
    {
        "book_color": "#ffff00",
        "book_number": 640,
        "long_name": "பிலமோனுக்கு எழுதிய திருமுகம்",
        "short_name": "பில"
    },
    {
        "book_color": "#ffff00",
        "book_number": 650,
        "long_name": "எபிஎபிரேயருக்கு எழுதிய திருமுகம் ",
        "short_name": "எபிஎ"
    },
    {
        "book_color": "#00ff00",
        "book_number": 660,
        "long_name": "யாக்கோபுஎழுதிய திருமுகம்",
        "short_name": "யாக்"
    },
    {
        "book_color": "#00ff00",
        "book_number": 670,
        "long_name": "பேதுரு எழுதிய முதல் திருமுகம்",
        "short_name": "1பேது"
    },
    {
        "book_color": "#00ff00",
        "book_number": 680,
        "long_name": "பேதுரு எழுதிய இரண்டாம் திருமுகம்",
        "short_name": "2பேது"
    },
    {
        "book_color": "#00ff00",
        "book_number": 690,
        "long_name": "யோவான் எழுதிய முதல் திருமுகம்",
        "short_name": "1யோ"
    },
    {
        "book_color": "#00ff00",
        "book_number": 700,
        "long_name": "யோவான் எழுதிய இரண்டாம் திருமுகம்",
        "short_name": "2யோ"
    },
    {
        "book_color": "#00ff00",
        "book_number": 710,
        "long_name": "யோவான் எழுதிய முன்றாம் திருமுகம்",
        "short_name": "3யோ"
    },
    {
        "book_color": "#00ff00",
        "book_number": 720,
        "long_name": "யூதா எழுதிய திருமுகம்",
        "short_name": "யூதா"
    },
    {
        "book_color": "#ff7c80",
        "book_number": 730,
        "long_name": "யோவானுக்கு அருளப்பெற்ற திருவெளிப்பாடு",
        "short_name": "யோவ"
    }
]