[
    {
        "name": "description",
        "value": "திருவிவிலியம், Tamil Bible: Easy-to-Read Version"
    },
    {
        "name": "chapter_string",
        "value": "பாடம்"
    },
    {
        "name": "language",
        "value": "ta"
    },
    {
        "name": "russian_numbering",
        "value": "false"
    },
    {
        "name": "strong_numbers",
        "value": "false"
    },
    {
        "name": "right_to_left",
        "value": "false"
    }
]