[
    {
        "book_color": "#ccccff",
        "book_number": 10,
        "long_name": "ஆதியாகமம்",
        "short_name": "ஆதி",
        "sorting_order": 100
    },
    {
        "book_color": "#ccccff",
        "book_number": 20,
        "long_name": "யாத்திராகமம்",
        "short_name": "யாத்",
        "sorting_order": 200
    },
    {
        "book_color": "#ccccff",
        "book_number": 30,
        "long_name": "லேவியராகமம்",
        "short_name": "லேவி",
        "sorting_order": 300
    },
    {
        "book_color": "#ccccff",
        "book_number": 40,
        "long_name": "எண்ணாகமம்",
        "short_name": "எண்",
        "sorting_order": 400
    },
    {
        "book_color": "#ccccff",
        "book_number": 50,
        "long_name": "உபாகமம்",
        "short_name": "உபா",
        "sorting_order": 500
    },
    {
        "book_color": "#ffcc99",
        "book_number": 60,
        "long_name": "யோசுவா",
        "short_name": "யோசு",
        "sorting_order": 600
    },
    {
        "book_color": "#ffcc99",
        "book_number": 70,
        "long_name": "நியாயாதிபதிகள்",
        "short_name": "நியா",
        "sorting_order": 700
    },
    {
        "book_color": "#ffcc99",
        "book_number": 80,
        "long_name": "ரூத்",
        "short_name": "ரூத்",
        "sorting_order": 800
    },
    {
        "book_color": "#ffcc99",
        "book_number": 90,
        "long_name": "1 சாமுவேல்",
        "short_name": "1சாமு",
        "sorting_order": 900
    },
    {
        "book_color": "#ffcc99",
        "book_number": 100,
        "long_name": "2 சாமுவேல்",
        "short_name": "2சாமு",
        "sorting_order": 1000
    },
    {
        "book_color": "#ffcc99",
        "book_number": 110,
        "long_name": "1 இராஜாக்கள்",
        "short_name": "1இரா",
        "sorting_order": 1100
    },
    {
        "book_color": "#ffcc99",
        "book_number": 120,
        "long_name": "2 இராஜாக்கள்",
        "short_name": "2இரா",
        "sorting_order": 1200
    },
    {
        "book_color": "#ffcc99",
        "book_number": 130,
        "long_name": "1 நாளாகமம்",
        "short_name": "1நாளா",
        "sorting_order": 1300
    },
    {
        "book_color": "#ffcc99",
        "book_number": 140,
        "long_name": "2 நாளாகமம்",
        "short_name": "2நாளா",
        "sorting_order": 1400
    },
    {
        "book_color": "#ffcc99",
        "book_number": 150,
        "long_name": "எஸ்றா",
        "short_name": "எஸ்றா",
        "sorting_order": 1500
    },
    {
        "book_color": "#ffcc99",
        "book_number": 160,
        "long_name": "நெகேமியா",
        "short_name": "நெகே",
        "sorting_order": 1600
    },
    {
        "book_color": "#ffcc99",
        "book_number": 190,
        "long_name": "எஸ்தர்",
        "short_name": "எஸ்தர்",
        "sorting_order": 1700
    },
    {
        "book_color": "#66ff99",
        "book_number": 220,
        "long_name": "யோபு",
        "short_name": "யோபு",
        "sorting_order": 1800
    },
    {
        "book_color": "#66ff99",
        "book_number": 230,
        "long_name": "சங்கீதம்",
        "short_name": "சங்",
        "sorting_order": 1900
    },
    {
        "book_color": "#66ff99",
        "book_number": 240,
        "long_name": "நீதிமொழிகள்",
        "short_name": "நீதி",
        "sorting_order": 2000
    },
    {
        "book_color": "#66ff99",
        "book_number": 250,
        "long_name": "பிரசங்கி",
        "short_name": "பிர",
        "sorting_order": 2100
    },
    {
        "book_color": "#66ff99",
        "book_number": 260,
        "long_name": "உன்னதப்பாட்டு",
        "short_name": "இனி",
        "sorting_order": 2200
    },
    {
        "book_color": "#ff9fb4",
        "book_number": 290,
        "long_name": "ஏசாயா",
        "short_name": "எசா",
        "sorting_order": 2300
    },
    {
        "book_color": "#ff9fb4",
        "book_number": 300,
        "long_name": "எரேமியா",
        "short_name": "எரே",
        "sorting_order": 2400
    },
    {
        "book_color": "#ff9fb4",
        "book_number": 310,
        "long_name": "புலம்பல்",
        "short_name": "புலம்",
        "sorting_order": 2500
    },
    {
        "book_color": "#ff9fb4",
        "book_number": 330,
        "long_name": "எசேக்கியேல்",
        "short_name": "எசேக்",
        "sorting_order": 2600
    },
    {
        "book_color": "#ff9fb4",
        "book_number": 340,
        "long_name": "தானியேல்",
        "short_name": "தானி",
        "sorting_order": 2700
    },
    {
        "book_color": "#ffff99",
        "book_number": 350,
        "long_name": "ஓசியா",
        "short_name": "ஓசே",
        "sorting_order": 2800
    },
    {
        "book_color": "#ffff99",
        "book_number": 360,
        "long_name": "யோவேல்",
        "short_name": "யோ",
        "sorting_order": 2900
    },
    {
        "book_color": "#ffff99",
        "book_number": 370,
        "long_name": "ஆமோஸ்",
        "short_name": "ஆமோ",
        "sorting_order": 3000
    },
    {
        "book_color": "#ffff99",
        "book_number": 380,
        "long_name": "ஒபதியா",
        "short_name": "ஒபதி",
        "sorting_order": 3100
    },
    {
        "book_color": "#ffff99",
        "book_number": 390,
        "long_name": "யோனா",
        "short_name": "யோ",
        "sorting_order": 3200
    },
    {
        "book_color": "#ffff99",
        "book_number": 400,
        "long_name": "மீகா",
        "short_name": "மீக்க",
        "sorting_order": 3300
    },
    {
        "book_color": "#ffff99",
        "book_number": 410,
        "long_name": "நாகூம்",
        "short_name": "நாகூ",
        "sorting_order": 3400
    },
    {
        "book_color": "#ffff99",
        "book_number": 420,
        "long_name": "ஆபகூக்",
        "short_name": "அபக்",
        "sorting_order": 3500
    },
    {
        "book_color": "#ffff99",
        "book_number": 430,
        "long_name": "செப்பனியா",
        "short_name": "செப்",
        "sorting_order": 3600
    },
    {
        "book_color": "#ffff99",
        "book_number": 440,
        "long_name": "ஆகாய்",
        "short_name": "ஆகா",
        "sorting_order": 3700
    },
    {
        "book_color": "#ffff99",
        "book_number": 450,
        "long_name": "சகரியா",
        "short_name": "செக்",
        "sorting_order": 3800
    },
    {
        "book_color": "#ffff99",
        "book_number": 460,
        "long_name": "மல்கியா",
        "short_name": "மலா",
        "sorting_order": 3900
    },
    {
        "book_color": "#ff6600",
        "book_number": 470,
        "long_name": "மத்தேயு",
        "short_name": "மத்தே",
        "sorting_order": 4000
    },
    {
        "book_color": "#ff6600",
        "book_number": 480,
        "long_name": "மாற்கு",
        "short_name": "மாற்",
        "sorting_order": 4100
    },
    {
        "book_color": "#ff6600",
        "book_number": 490,
        "long_name": "லூக்கா",
        "short_name": "லூக்",
        "sorting_order": 4200
    },
    {
        "book_color": "#ff6600",
        "book_number": 500,
        "long_name": "யோவான்",
        "short_name": "யோ",
        "sorting_order": 4300
    },
    {
        "book_color": "#00ffff",
        "book_number": 510,
        "long_name": "அப்போஸ்தலர்",
        "short_name": "திருத்",
        "sorting_order": 4400
    },
    {
        "book_color": "#ffff00",
        "book_number": 520,
        "long_name": "ரோமர்",
        "short_name": "உரோ",
        "sorting_order": 4500
    },
    {
        "book_color": "#ffff00",
        "book_number": 530,
        "long_name": "1 கொரிந்தியர்",
        "short_name": "1கொ",
        "sorting_order": 4600
    },
    {
        "book_color": "#ffff00",
        "book_number": 540,
        "long_name": "2 கொரிந்தியர்",
        "short_name": "2கொ",
        "sorting_order": 4700
    },
    {
        "book_color": "#ffff00",
        "book_number": 550,
        "long_name": "கலாத்தியர்",
        "short_name": "கலா",
        "sorting_order": 4800
    },
    {
        "book_color": "#ffff00",
        "book_number": 560,
        "long_name": "எபேசியர்",
        "short_name": "எபேசி",
        "sorting_order": 4900
    },
    {
        "book_color": "#ffff00",
        "book_number": 570,
        "long_name": "பிலிப்பியர்",
        "short_name": "பிலிப்",
        "sorting_order": 5000
    },
    {
        "book_color": "#ffff00",
        "book_number": 580,
        "long_name": "கொலோசெயர்",
        "short_name": "கொ",
        "sorting_order": 5100
    },
    {
        "book_color": "#ffff00",
        "book_number": 590,
        "long_name": "1 தெசலோனிக்கேயர்",
        "short_name": "1தெச",
        "sorting_order": 5200
    },
    {
        "book_color": "#ffff00",
        "book_number": 600,
        "long_name": "2 தெசலோனிக்கேயர்",
        "short_name": "2தெச",
        "sorting_order": 5300
    },
    {
        "book_color": "#ffff00",
        "book_number": 610,
        "long_name": "1 தீமோத்தேயு",
        "short_name": "1திமொ",
        "sorting_order": 5400
    },
    {
        "book_color": "#ffff00",
        "book_number": 620,
        "long_name": "2 தீமோத்தேயு",
        "short_name": "2திமொ",
        "sorting_order": 5500
    },
    {
        "book_color": "#ffff00",
        "book_number": 630,
        "long_name": "தீத்து",
        "short_name": "தீத்து",
        "sorting_order": 5600
    },
    {
        "book_color": "#ffff00",
        "book_number": 640,
        "long_name": "பிலேமோன்",
        "short_name": "பில",
        "sorting_order": 5700
    },
    {
        "book_color": "#ffff00",
        "book_number": 650,
        "long_name": "எபிரேயர்",
        "short_name": "எபிஎ",
        "sorting_order": 5800
    },
    {
        "book_color": "#00ff00",
        "book_number": 660,
        "long_name": "யாக்கோபு",
        "short_name": "யாக்",
        "sorting_order": 5900
    },
    {
        "book_color": "#00ff00",
        "book_number": 670,
        "long_name": "1 பேதுரு",
        "short_name": "1பேது",
        "sorting_order": 6000
    },
    {
        "book_color": "#00ff00",
        "book_number": 680,
        "long_name": "2 பேதுரு",
        "short_name": "2பேது",
        "sorting_order": 6100
    },
    {
        "book_color": "#00ff00",
        "book_number": 690,
        "long_name": "1 யோவான்",
        "short_name": "1யோ",
        "sorting_order": 6200
    },
    {
        "book_color": "#00ff00",
        "book_number": 700,
        "long_name": "2 யோவான்",
        "short_name": "2யோ",
        "sorting_order": 6300
    },
    {
        "book_color": "#00ff00",
        "book_number": 710,
        "long_name": "3 யோவான்",
        "short_name": "3யோ",
        "sorting_order": 6400
    },
    {
        "book_color": "#00ff00",
        "book_number": 720,
        "long_name": "யூதா",
        "short_name": "யூதா",
        "sorting_order": 6500
    },
    {
        "book_color": "#ff7c80",
        "book_number": 730,
        "long_name": "வெளிப்படுத்தின விசேஷம்",
        "short_name": "யோவ",
        "sorting_order": 6600
    }
]