[
    {
        "name": "description",
        "value": "தமிழ் பைபிள்"
    },
    {
        "name": "detailed_info",
        "value": "Tamil Bible – தமிழ் பைபிள் <br/>\r\n© 2017 Bridge Connectivity Solutions. Released under the Creative Commons Attribution Share-Alike license 4.0. <br/>\r\neBible.org <br/>\r\nTamil — தமிழ்"
    },
    {
        "name": "language",
        "value": "ta"
    },
    {
        "name": "chapter_string",
        "value": "அத்தியாயம் %s"
    },
    {
        "name": "chapter_string_ps",
        "value": "சங்கீதம் %s"
    },
    {
        "name": "html_style",
        "value": "i  { color: %COLOR_BLUE%; } \nem { color: %COLOR_BLUE%; } \na  { text-decoration: none; } \nspan.sc { font-variant: small-caps; } \nspan.pn { text-decoration: underline; } \nspan.RTL { direction: rtl; display: inline; } "
    },
    {
        "name": "add_space_before_footnote_marker",
        "value": "true"
    },
    {
        "name": "origin",
        "value": "Created by Oleg Safonov (E-mail: osafonov@gmail.com, Telegram: @osafonov). \nOrigin: https://www.bible.com/ru/versions/1899"
    },
    {
        "name": "history_of_changes",
        "value": "(2018-09-25) Published"
    }
]