book_color,book_number,short_name,long_name
#ccccff,10,தொ,தொடக்க நூல்
#ccccff,20,விடு,விடுதலைப் பயணம்
#ccccff,30,லேவ,லேவியர்
#ccccff,40,எண்,எண்ணிக்கை
#ccccff,50,இண,இணைச் சட்டம்
#ffcc99,60,யோ,யோசுவா
#ffcc99,70,நீதித்,நீதித் தலைவர்கள்
#ffcc99,80,ரூத்து,ரூத்து
#ffcc99,90,1சாமு,1 சாமுவேல்
#ffcc99,100,2சாமு,2 சாமுவேல்
#ffcc99,110,1அரச,1 அரசர்கள்
#ffcc99,120,2அரச,2 அரசர்கள்
#ffcc99,130,1குறி,1 குறிப்பேடு
#ffcc99,140,2குறிப,2 குறிப்பேடு
#ffcc99,150,எஸ்,எஸ்ரா
#ffcc99,160,நெக,நெகேமியா
#ffcc99,190,எஸ்,எஸ்தர்
#66ff99,220,யோ,யோபு
#66ff99,230,திருப்,திருப்பாடல்கள்
#66ff99,240,நீதிம,நீதிமொழிகள்
#66ff99,250,சபை,சபை உரையாளர்
#66ff99,260,இனி,இனிமைமிகு பாடல்
#ff9fb4,290,எசா,எசாயா
#ff9fb4,300,எரே,எரேமியா
#ff9fb4,310,புலம்,புலம்பல்
#ff9fb4,330,எசேக்,எசேக்கியேல்
#ff9fb4,340,தானி,தானியேல்
#ffff99,350,ஓசே,ஓசேயா
#ffff99,360,யோ,யோவேல்
#ffff99,370,ஆமோ,ஆமோஸ்
#ffff99,380,ஒபதி,ஒபதியா
#ffff99,390,யோ,யோனா
#ffff99,400,மீக்க,மீக்கா
#ffff99,410,நாகூ,நாகூம்
#ffff99,420,அபக்,அபக்கூக்கு
#ffff99,430,செப்,செப்பனியா
#ffff99,440,ஆகா,ஆகாய்
#ffff99,450,செக்,செக்கரியா
#ffff99,460,மலா,மலாக்கி
#ff6600,470,மத்தே  ,மத்தேயு நற்செய்தியை 
#ff6600,480,மாற்  ,மாற்கு நற்செய்தியை 
#ff6600,490,லூக் ,லூக்கா நற்செய்தியை 
#ff6600,500,யோ ,யோவான் நற்செய்தியை 
#00ffff,510,திருத்,திருத்தூதர் பணிகள்
#ffff00,520,உரோ,உரோமையருக்கு எழுதிய திருமுகம்
#ffff00,530,1கொ,கொரிந்தியருக்கு எழுதிய முதல் திருமுகம்
#ffff00,540,2கொ,கொரிந்தியருக்கு எழுதிய இரண்டாம் திருமுகம்
#ffff00,550,கலா,கலாத்தியருக்கு எழுதிய திருமுகம்
#ffff00,560,எபேசி,எபேசியருக்கு எழுதிய திருமுகம்
#ffff00,570,பிலிப்,பிலிப்பியருக்கு எழுதிய திருமுகம்
#ffff00,580,கொ,கொலோசையருக்கு எழுதிய திருமுகம்
#ffff00,590,1தெச,தெசலோனிக்கருக்கு எழுதிய முதல் திருமுகம்
#ffff00,600,2தெச,தெசலோனிக்கருக்கு எழுதிய இரண்டாம் திருமுகம்
#ffff00,610,1திமொ,திமொத்தேயுவுக்கு எழுதிய முதல் திருமுகம்
#ffff00,620,2திமொ,திமொத்தேயுவுக்கு எழுதிய இரண்டாம் திருமுகம்
#ffff00,630,தீத்து,தீத்துவுக்கு எழுதிய திருமுகம்
#ffff00,640,பில,பிலமோனுக்கு எழுதிய திருமுகம்
#ffff00,650,எபிஎ,எபிஎபிரேயருக்கு எழுதிய திருமுகம் 
#00ff00,660,யாக்,யாக்கோபுஎழுதிய திருமுகம்
#00ff00,670,1பேது,பேதுரு எழுதிய முதல் திருமுகம்
#00ff00,680,2பேது,பேதுரு எழுதிய இரண்டாம் திருமுகம்
#00ff00,690,1யோ,யோவான் எழுதிய முதல் திருமுகம்
#00ff00,700,2யோ,யோவான் எழுதிய இரண்டாம் திருமுகம்
#00ff00,710,3யோ,யோவான் எழுதிய முன்றாம் திருமுகம்
#00ff00,720,யூதா,யூதா எழுதிய திருமுகம்
#ff7c80,730,யோவ,யோவானுக்கு அருளப்பெற்ற திருவெளிப்பாடு
