book_number,short_name,long_name,book_color,sorting_order
10,ஆதி,ஆதியாகமம்,#ccccff,100
20,யாத்,யாத்திராகமம்,#ccccff,200
30,லேவி,லேவியராகமம்,#ccccff,300
40,எண்,எண்ணாகமம்,#ccccff,400
50,உபா,உபாகமம்,#ccccff,500
60,யோசு,யோசுவா,#ffcc99,600
70,நியா,நியாயாதிபதிகள்,#ffcc99,700
80,ரூத்,ரூத்,#ffcc99,800
90,1சாமு,1 சாமுவேல்,#ffcc99,900
100,2சாமு,2 சாமுவேல்,#ffcc99,1000
110,1இரா,1 இராஜாக்கள்,#ffcc99,1100
120,2இரா,2 இராஜாக்கள்,#ffcc99,1200
130,1நாளா,1 நாளாகமம்,#ffcc99,1300
140,2நாளா,2 நாளாகமம்,#ffcc99,1400
150,எஸ்றா,எஸ்றா,#ffcc99,1500
160,நெகே,நெகேமியா,#ffcc99,1600
190,எஸ்தர்,எஸ்தர்,#ffcc99,1700
220,யோபு,யோபு,#66ff99,1800
230,சங்,சங்கீதம்,#66ff99,1900
240,நீதி,நீதிமொழிகள்,#66ff99,2000
250,பிர,பிரசங்கி,#66ff99,2100
260,இனி,உன்னதப்பாட்டு,#66ff99,2200
290,எசா,ஏசாயா,#ff9fb4,2300
300,எரே,எரேமியா,#ff9fb4,2400
310,புலம்,புலம்பல்,#ff9fb4,2500
330,எசேக்,எசேக்கியேல்,#ff9fb4,2600
340,தானி,தானியேல்,#ff9fb4,2700
350,ஓசே,ஓசியா,#ffff99,2800
360,யோ,யோவேல்,#ffff99,2900
370,ஆமோ,ஆமோஸ்,#ffff99,3000
380,ஒபதி,ஒபதியா,#ffff99,3100
390,யோ,யோனா,#ffff99,3200
400,மீக்க,மீகா,#ffff99,3300
410,நாகூ,நாகூம்,#ffff99,3400
420,அபக்,ஆபகூக்,#ffff99,3500
430,செப்,செப்பனியா,#ffff99,3600
440,ஆகா,ஆகாய்,#ffff99,3700
450,செக்,சகரியா,#ffff99,3800
460,மலா,மல்கியா,#ffff99,3900
470,மத்தே,மத்தேயு,#ff6600,4000
480,மாற்,மாற்கு,#ff6600,4100
490,லூக்,லூக்கா,#ff6600,4200
500,யோ,யோவான்,#ff6600,4300
510,திருத்,அப்போஸ்தலர்,#00ffff,4400
520,உரோ,ரோமர்,#ffff00,4500
530,1கொ,1 கொரிந்தியர்,#ffff00,4600
540,2கொ,2 கொரிந்தியர்,#ffff00,4700
550,கலா,கலாத்தியர்,#ffff00,4800
560,எபேசி,எபேசியர்,#ffff00,4900
570,பிலிப்,பிலிப்பியர்,#ffff00,5000
580,கொ,கொலோசெயர்,#ffff00,5100
590,1தெச,1 தெசலோனிக்கேயர்,#ffff00,5200
600,2தெச,2 தெசலோனிக்கேயர்,#ffff00,5300
610,1திமொ,1 தீமோத்தேயு,#ffff00,5400
620,2திமொ,2 தீமோத்தேயு,#ffff00,5500
630,தீத்து,தீத்து,#ffff00,5600
640,பில,பிலேமோன்,#ffff00,5700
650,எபிஎ,எபிரேயர்,#ffff00,5800
660,யாக்,யாக்கோபு,#00ff00,5900
670,1பேது,1 பேதுரு,#00ff00,6000
680,2பேது,2 பேதுரு,#00ff00,6100
690,1யோ,1 யோவான்,#00ff00,6200
700,2யோ,2 யோவான்,#00ff00,6300
710,3யோ,3 யோவான்,#00ff00,6400
720,யூதா,யூதா,#00ff00,6500
730,யோவ,வெளிப்படுத்தின விசேஷம்,#ff7c80,6600
