book_number,short_name,long_name,title,book_color,is_present,sorting_order
10,ஆதி,ஆதியாகமம்,ஆதியாகமம்,#ccccff,1,100
20,யாத்,யாத்திராகமம்,யாத்திராகமம்,#ccccff,1,200
30,லேவி,லேவியராகமம்,லேவியராகமம்,#ccccff,1,300
40,எண்,எண்ணாகமம்,எண்ணாகமம்,#ccccff,1,400
50,உபா,உபாகமம்,உபாகமம்,#ccccff,1,500
60,யோசு,யோசுவா,யோசுவா,#ffcc99,1,600
70,நியா,நியாயாதிபதிகள்,நியாயாதிபதிகள்,#ffcc99,1,700
80,ரூத்,ரூத்,ரூத்,#ffcc99,1,800
90,1சாமு,1 சாமுவேல்,1 சாமுவேல்,#ffcc99,1,900
100,2சாமு,2 சாமுவேல்,2 சாமுவேல்,#ffcc99,1,1000
110,1இரா,1 இராஜாக்கள்,1 இராஜாக்கள்,#ffcc99,1,1100
120,2இரா,2 இராஜாக்கள்,2 இராஜாக்கள்,#ffcc99,1,1200
130,1நாளா,1 நாளாகமம்,1 நாளாகமம்,#ffcc99,1,1300
140,2நாளா,2 நாளாகமம்,2 நாளாகமம்,#ffcc99,1,1400
150,எஸ்றா,எஸ்றா,எஸ்றா,#ffcc99,1,1500
160,நெகே,நெகேமியா,நெகேமியா,#ffcc99,1,1600
190,எஸ்தர்,எஸ்தர்,எஸ்தர்,#ffcc99,1,1700
220,யோபு,யோபு,யோபு,#66ff99,1,1800
230,சங்,சங்கீதம்,சங்கீதம்,#66ff99,1,1900
240,நீதி,நீதிமொழிகள்,நீதிமொழிகள்,#66ff99,1,2000
250,பிர,பிரசங்கி,பிரசங்கி,#66ff99,1,2100
260,இனி,உன்னதப்பாட்டு,உன்னதப்பாட்டு,#66ff99,1,2200
290,எசா,ஏசாயா,ஏசாயா,#ff9fb4,1,2300
300,எரே,எரேமியா,எரேமியா,#ff9fb4,1,2400
310,புலம்,புலம்பல்,புலம்பல்,#ff9fb4,1,2500
330,எசேக்,எசேக்கியேல்,எசேக்கியேல்,#ff9fb4,1,2600
340,தானி,தானியேல்,தானியேல்,#ff9fb4,1,2700
350,ஓசே,ஓசியா,ஓசியா,#ffff99,1,2800
360,யோ,யோவேல்,யோவேல்,#ffff99,1,2900
370,ஆமோ,ஆமோஸ்,ஆமோஸ்,#ffff99,1,3000
380,ஒபதி,ஒபதியா,ஒபதியா,#ffff99,1,3100
390,யோ,யோனா,யோனா,#ffff99,1,3200
400,மீக்க,மீகா,மீகா,#ffff99,1,3300
410,நாகூ,நாகூம்,நாகூம்,#ffff99,1,3400
420,அபக்,ஆபகூக்,ஆபகூக்,#ffff99,1,3500
430,செப்,செப்பனியா,செப்பனியா,#ffff99,1,3600
440,ஆகா,ஆகாய்,ஆகாய்,#ffff99,1,3700
450,செக்,சகரியா,சகரியா,#ffff99,1,3800
460,மலா,மல்கியா,மல்கியா,#ffff99,1,3900
470,மத்தே,மத்தேயு,மத்தேயு,#ff6600,1,4000
480,மாற்,மாற்கு,மாற்கு,#ff6600,1,4100
490,லூக்,லூக்கா,லூக்கா,#ff6600,1,4200
500,யோ,யோவான்,யோவான்,#ff6600,1,4300
510,திருத்,அப்போஸ்தலர்,அப்போஸ்தலர்,#00ffff,1,4400
520,உரோ,ரோமர்,ரோமர்,#ffff00,1,4500
530,1கொ,1 கொரிந்தியர்,1 கொரிந்தியர்,#ffff00,1,4600
540,2கொ,2 கொரிந்தியர்,2 கொரிந்தியர்,#ffff00,1,4700
550,கலா,கலாத்தியர்,கலாத்தியர்,#ffff00,1,4800
560,எபேசி,எபேசியர்,எபேசியர்,#ffff00,1,4900
570,பிலிப்,பிலிப்பியர்,பிலிப்பியர்,#ffff00,1,5000
580,கொ,கொலோசெயர்,கொலோசெயர்,#ffff00,1,5100
590,1தெச,1 தெசலோனிக்கேயர்,1 தெசலோனிக்கேயர்,#ffff00,1,5200
600,2தெச,2 தெசலோனிக்கேயர்,2 தெசலோனிக்கேயர்,#ffff00,1,5300
610,1திமொ,1 தீமோத்தேயு,1 தீமோத்தேயு,#ffff00,1,5400
620,2திமொ,2 தீமோத்தேயு,2 தீமோத்தேயு,#ffff00,1,5500
630,தீத்து,தீத்து,தீத்து,#ffff00,1,5600
640,பில,பிலேமோன்,பிலேமோன்,#ffff00,1,5700
650,எபிஎ,எபிரேயர்,எபிரேயர்,#ffff00,1,5800
660,யாக்,யாக்கோபு,யாக்கோபு,#00ff00,1,5900
670,1பேது,1 பேதுரு,1 பேதுரு,#00ff00,1,6000
680,2பேது,2 பேதுரு,2 பேதுரு,#00ff00,1,6100
690,1யோ,1 யோவான்,1 யோவான்,#00ff00,1,6200
700,2யோ,2 யோவான்,2 யோவான்,#00ff00,1,6300
710,3யோ,3 யோவான்,3 யோவான்,#00ff00,1,6400
720,யூதா,யூதா,யூதா,#00ff00,1,6500
730,யோவ,வெளிப்படுத்தின விசேஷம்,வெளிப்படுத்தின விசேஷம்,#ff7c80,1,6600
