﻿book_number,short_name,long_name,book_color,is_present,sorting_order
470,மத்தே,மத்தேயு,#ff6600,1,100
480,மாற்,மாற்கு,#ff6600,1,200
490,லூக்,லூக்கா,#ff6600,1,300
500,யோ,யோவான்,#ff6600,1,400
510,திருத்,அப்போஸ்தலர்,#00ffff,1,500
520,உரோ,ரோமர்,#ffff00,1,600
530,1கொ,1 கொரிந்தியர்,#ffff00,1,700
540,2கொ,2 கொரிந்தியர்,#ffff00,1,800
550,கலா,கலாத்தியர்,#ffff00,1,900
560,எபேசி,எபேசியர்,#ffff00,1,1000
570,பிலிப்,பிலிப்பியர்,#ffff00,1,1100
580,கொ,கொலோசெயர்,#ffff00,1,1200
590,1தெச,1 தெசலோனிக்கேயர்,#ffff00,1,1300
600,2தெச,2 தெசலோனிக்கேயர்,#ffff00,1,1400
610,1திமொ,1 தீமோத்தேயு,#ffff00,1,1500
620,2திமொ,2 தீமோத்தேயு,#ffff00,1,1600
630,தீத்து,தீத்து,#ffff00,1,1700
640,பில,பிலேமோன்,#ffff00,1,1800
650,எபிஎ,எபிரேயர்,#ffff00,1,1900
660,யாக்,யாக்கோபு,#00ff00,1,2000
670,1பேது,1 பேதுரு,#00ff00,1,2100
680,2பேது,2 பேதுரு,#00ff00,1,2200
690,1யோ,1 யோவான்,#00ff00,1,2300
700,2யோ,2 யோவான்,#00ff00,1,2400
710,3யோ,3 யோவான்,#00ff00,1,2500
720,யூதா,யூதா,#00ff00,1,2600
730,யோவ,வெளிப்படுத்தின விசேஷம்,#ff7c80,1,2700
