﻿book_number,chapter,verse,order_if_several,title
470,1,1,1,இயேசுகிறிஸ்துவின் வம்சவரலாறு
470,1,18,2,இயேசுகிறிஸ்துவின் பிறப்பு
470,2,1,1,சாஸ்திரிகளின் வருகை
470,2,13,2,யோசேப்பு எகிப்துக்கு ஓடிப்போகுதல்
470,2,19,3,நாசரேத்திற்குத் திரும்புதல்
470,3,1,1,யோவான்ஸ்நானனின் பிரசங்கம்
470,3,13,2,இயேசுகிறிஸ்துவின் ஞானஸ்நானம்
470,4,1,1,இயேசு பிசாசினால் சோதிக்கப்படுதல்
470,4,12,2,இயேசுவின் பிரசங்க ஆரம்பம்
470,4,18,3,முதலாம் சீடர்களின் அழைப்பு
470,4,23,4,இயேசு வியாதியஸ்தர்களை சுகமாக்குதல்
470,5,1,1,இயேசுவின் மலைப்பிரசங்கம்
470,5,13,2,உப்பும் வெளிச்சமும்
470,5,17,3,நியாயப்பிரமாணம் நிறைவேறுதல்
470,5,21,4,கொலை செய்யாதே
470,5,27,5,விபசாரம் செய்யாதே
470,5,31,6,விவாகரத்து
470,5,33,7,பொய் சத்தியம்
470,5,38,8,பழிவாங்காதிருப்பாயாக
470,5,43,9,அன்பாக இருங்கள்
470,6,1,1,தர்மம் செய்யும் முறை
470,6,5,2,ஜெபம்
470,6,16,3,உபவாசிக்கும் முறை
470,6,19,4,பரலோகத்திலுள்ள சொத்துக்கள்
470,6,25,5,கவலைப்படாமலிருங்கள்
470,7,1,1,மற்றவர்களை நியாயந்தீர்த்தல்
470,7,7,2,"கேளுங்கள், தேடுங்கள், தட்டுங்கள்"
470,7,13,3,குறுகின மற்றும் விசாலமான வாசல்கள்
470,7,15,4,மரங்களும் அதின் கனிகளும்
470,7,24,5,இருவகை அஸ்திபாரங்கள்
470,8,1,1,குஷ்டரோகி சுகமடைதல்
470,8,5,2,தலைவனுடைய வேலைக்காரன் சுகம்பெறுதல்
470,8,14,3,அநேகர் சுகமடைதல்
470,8,18,4,இயேசுவைப் பின்பற்றுவது
470,8,23,5,இயேசு காற்றையும் கடலையும் அதட்டுதல்
470,8,28,6,பிசாசு பிடித்த இரண்டுபேர் சுகமடைதல்
470,9,1,1,பக்கவாதக்காரன் குணமடைதல்
470,9,9,2,மத்தேயுவின் அழைப்பு
470,9,14,3,உபவாசத்தைக்குறித்த கேள்விகள்
470,9,18,4,"மரித்த சிறுபெண்ணும், வியாதியுள்ள பெண்ணும்"
470,9,27,5,"குருடர்களும், ஊமையனும் சுகமடைதல்"
470,9,35,6,வேலையாட்களோ குறைவு
470,10,1,1,பன்னிரண்டு அப்போஸ்தலர்களை அனுப்புதல்
470,10,26,2,பயப்படாமலிருங்கள்
470,11,1,1,இயேசுவும் யோவான்ஸ்நானனும்
470,11,20,2,மனந்திரும்பாத பட்டணங்கள்
470,11,25,3,பாரம் சுமக்கிறவர்களுக்கு இளைப்பாறுதல்
470,12,1,1,ஓய்வுநாளின் தேவன்
470,12,15,2,தேவனால் தெரிந்துகொள்ளப்பட்ட ஊழியன்
470,12,22,3,இயேசுவும் பெயெல்செபூலும்
470,12,33,4,மரங்களும் அதின் கனிகளும்
470,12,38,5,யோனாவின் அடையாளம்
470,12,46,6,"இயேசுவின் தாயாரும், சகோதரர்களும்"
470,13,1,1,விதைப்பவனைப்பற்றிய உவமை
470,13,24,2,"நல்ல விதைகளும், களைகளும்"
470,13,31,3,"கடுகுவிதை, புளித்த மாவுபற்றிய உவமைகள்"
470,13,36,4,களைகளைப்பற்றிய விளக்கம்
470,13,44,5,"புதையல், முத்துக்கள்பற்றிய உவமைகள்"
470,13,47,6,வலையைப்பற்றிய உவமை
470,13,53,7,சொந்த ஊரில் இயேசு
470,14,1,1,யோவான்ஸ்நானனின் தலை வெட்டப்படுதல்
470,14,13,2,இயேசு ஐந்தாயிரம்பேரைப் போஷித்தல்
470,14,22,3,இயேசு கடலின்மீது நடத்தல்
470,15,1,1,யூதர்களும் பாரம்பரியமும்
470,15,21,2,கானானியப் பெண்ணின் விசுவாசம்
470,15,29,3,இயேசு நான்காயிரம்பேரைப் போஷித்தல்
470,16,1,1,அடையாளம் கேட்ட பரிசேயர்களும் சதுசேயர்களும்
470,16,5,2,பரிசேயர்கள் சதுசேயர்களின் புளித்த மாவு
470,16,13,3,கிறிஸ்துவைக்குறித்து பேதுருவின் அறிக்கை
470,16,21,4,இயேசு தன் பாடுகளை முன்னறிவித்தல்
470,17,1,1,இயேசு மருரூபமாகுதல்
470,17,14,2,பிசாசு பிடித்திருந்த சிறுவன் குணமடைதல்
470,17,24,3,தேவாலய வரி
470,18,1,1,பரலோகராஜ்யத்தில் பெரியவன்
470,18,10,2,காணாமல்போன ஆடுபற்றிய உவமை
470,18,15,3,உனக்கு விரோதமாக குற்றம் செய்யும் சகோதரன்
470,18,21,4,இரக்கமற்ற ஊழியனைப்பற்றிய உவமை
470,19,1,1,விவாகரத்தைப்பற்றிய இயேசுவின் போதனை
470,19,13,2,இயேசுவும் சிறுபிள்ளைகளும்
470,19,16,3,செல்வந்தனான இளைஞன்
470,20,1,1,திராட்சைத்தோட்டத்து வேலையாட்களைப்பற்றிய உவமை
470,20,17,2,இயேசு தன் பாடுகளை முன்னறிவித்தல்
470,20,20,3,ஒரு தாயின் விண்ணப்பம்
470,20,29,4,இரண்டு குருடர்கள் பார்வையடைதல்
470,21,1,1,இயேசுவின் எருசலேம் பயணம்
470,21,12,2,தேவாலயத்தில் இயேசு
470,21,18,3,பட்டுப்போன அத்திமரம்
470,21,23,4,இயேசுவின் அதிகாரத்தைப்பற்றிய கேள்வி
470,21,28,5,இரண்டு குமாரர்கள்பற்றிய உவமை
470,21,33,6,தோட்டக்காரர்கள் பற்றிய உவமை
470,22,1,1,திருமணவிருந்து பற்றிய உவமை
470,22,15,2,இராயனுக்கு வரி செலுத்துதல்
470,22,23,3,உயிர்த்தெழுதலில் திருமணம்
470,22,34,4,பிரதானக் கட்டளை
470,22,41,5,தாவீதின் குமாரனாகிய இயேசு
470,23,1,1,ஏழு ஐயோ!
470,23,37,2,எருசலேமுக்காகப் புலம்புதல்
470,24,1,1,கடைசிக்கால அடையாளங்கள்
470,24,36,2,விழித்திருங்கள்
470,25,1,1,பத்துக் கன்னிகைகளைப் பற்றிய உவமை
470,25,14,2,வெள்ளிப்பணத்தைப்பற்றிய உவமை
470,25,31,3,செம்மறியாடுகளும் வெள்ளாடுகளும்
470,26,1,1,இயேசுவிற்கு எதிரான சதி
470,26,6,2,பெத்தானியாவில் இயேசு
470,26,14,3,யூதாசின் சதி
470,26,17,4,கர்த்தருடைய பந்தி
470,26,31,5,பேதுரு மறுதலித்தலின் முன்னறிவிப்பு
470,26,36,6,கெத்செமனேவில் இயேசுவின் வியாகுலம்
470,26,47,7,இயேசு கைதுசெய்யப்படுதல்
470,26,57,8,இயேசு விசாரிக்கப்படுதல்
470,26,69,9,பேதுரு இயேசுவை மறுதலித்தல்
470,27,1,1,யூதாசின் மரணம்
470,27,11,2,பிலாத்துவின் முன்பு இயேசு
470,27,27,3,போர்வீரர்களின் பரிகாசங்கள்
470,27,32,4,இயேசு சிலுவையில் அறியப்படுதல்
470,27,45,5,இயேசுவின் மரணம்
470,27,57,6,இயேசு அடக்கம்செய்யப்படுதல்
470,27,62,7,இயேசுவின் கல்லறைக்குக் காவல்
470,28,1,1,இயேசுவின் உயிர்த்தெழுதல்
470,28,11,2,காவலர்களின் அறிக்கை
470,28,16,3,இயேசுவின் பிரதானக் கட்டளை
480,1,1,1,யோவான்ஸ்நானகன் வழியை ஆயத்தம்பண்ணுதல்
480,1,9,2,இயேசுவின் ஞானஸ்நானமும் சோதனையும்
480,1,14,3,சீடர்களை ஊழியத்திற்கு அழைத்தல்
480,1,21,4,இயேசு அசுத்தஆவியைத் துரத்துதல்
480,1,29,5,அநேக வியாதியஸ்தர்களை சுகப்படுத்துதல்
480,1,35,6,இயேசு தனிமையான இடத்தில் ஜெபித்தல்
480,1,40,7,குஷ்டரோகமுள்ள மனிதன்
480,2,1,1,பக்கவாதக்காரனை சுகப்படுத்துதல்
480,2,13,2,மத்தேயு ஊழியத்திற்கு அழைக்கப்படுதல்
480,2,18,3,உபவாசத்தைக்குறித்த கேள்வி
480,2,23,4,ஓய்வுநாளின் ஆண்டவர்
480,3,7,1,மக்கள்கூட்டம் இயேசுவைப் பின்தொடருதல்
480,3,13,2,பன்னிரண்டு அப்போஸ்தலர்களை நியமித்தல்
480,3,20,3,இயேசுவும் பெயெல்செபூலும்
480,3,31,4,இயேசுவின் தாயாரும் சகோதரர்களும்
480,4,1,1,விதைக்கிறவனின் உவமை
480,4,21,2,விளக்குத்தண்டின்மேல் உள்ள விளக்கு
480,4,26,3,வளருகிற விதையின் உவமை
480,4,30,4,கடுகு விதையின் உவமை
480,4,35,5,இயேசு புயலை அமைதிபடுத்துதல்
480,5,1,1,அசுத்தஆவிகள் பிடித்திருந்த மனிதனை சுகப்படுத்துதல்
480,5,21,2,"மரித்த சிறுமியும், வியாதியுள்ள பெண்ணும்"
480,6,1,1,மதிக்கப்படாத தீர்க்கதரிசி
480,6,6,2,இயேசு பன்னிரண்டுபேரை அனுப்புதல்
480,6,14,3,யோவான்ஸ்நானனின் தலை வெட்டப்படுதல்
480,6,30,4,இயேசு ஐந்தாயிரம்பேரைப் போஷித்தல்
480,6,45,5,இயேசு கடலின்மேல் நடத்தல்
480,7,1,1,யூதர்களும் பாரம்பரியமும்
480,7,24,2,சீரோபேனிக்கியா தேசத்துப் பெண்
480,7,31,3,கிறிஸ்து வியாதிஸ்தர்களை சுகப்படுத்துதல்
480,8,1,1,நான்காயிரம்பேரைப் போஷித்தல்
480,8,14,2,பரிசேயர்கள் மற்றும் ஏரோதின் புளித்த மாவு
480,8,22,3,பெத்சாயிதாவில் குருடன் சுகமாக்கப்படுதல்
480,8,27,4,கிறிஸ்துவைப்பற்றிய பேதுருவின் அறிக்கை
480,8,31,5,கிறிஸ்துவின் பாடுகளைக்குறித்து முன்னறிவித்தல்
480,9,2,1,இயேசு மறுரூபமடைதல்
480,9,14,2,இயேசு அசுத்தஆவி பிடித்த வாலிபனை சுகப்படுத்தல்
480,9,33,3,யார் பெரியவன்?
480,9,38,4,நமக்கு விரோதமாக இல்லாதவன் நம்மோடு இருக்கிறான்
480,9,42,5,இடறுதலுக்குக் காரணமாகுதல்
480,10,1,1,விவாகரத்தைக்குறித்து இயேசுவின் போதனை
480,10,13,2,சிறுகுழந்தைகளும் இயேசுவும்
480,10,17,3,நித்தியஜீவனை சுதந்தரிப்பது எப்படி?
480,10,32,4,இயேசு தன்னுடைய மரணத்தை முன்னறிவித்தல்
480,10,35,5,செபெதேயுவின் குமாரர்களின் வேண்டுதல்
480,10,46,6,பர்திமேயு என்ற குருடனுக்குப் பார்வையளித்தல்
480,11,1,1,இயேசு எருசலேமில் பிரவேசித்தல்
480,11,12,2,அத்திமரத்தை சபித்தல்
480,11,20,3,பட்டுப்போன அத்திமரம்
480,11,27,4,இயேசுவின் அதிகாரத்தைப்பற்றின கேள்வி
480,12,1,1,திராட்சைத்தோட்டத்தைக் குறித்த உவமை
480,12,13,2,வரிப்பணத்தைக்குறித்த விவாதம்
480,12,18,3,உயிர்த்தெழுதலில் திருமணம்
480,12,28,4,பிரதானக் கட்டளை
480,12,35,5,கிறிஸ்து யாருடைய குமாரன்?
480,12,41,6,விதவையின் காணிக்கையைக்குறித்த போதனை
480,13,1,1,கடைசிக்கால அடையாளங்கள்
480,13,32,2,நாளும் நேரமும் தெரியப்படாதவைகள்
480,14,1,1,இயேசு பெத்தானியாவில் அபிஷேகம்பண்ணப்படுதல்
480,14,12,2,கர்த்தருடைய பந்தி
480,14,27,3,இயேசு பேதுருவின் மறுதலிப்பை முன்னறிவித்தல்
480,14,32,4,கெத்செமனே
480,14,43,5,இயேசு கைதுசெய்யப்படுதல்
480,14,53,6,ஆலோசனை சங்கத்தில் இயேசு
480,14,66,7,பேதுரு இயேசுவை மறுதலித்தல்
480,15,1,1,பிலாத்துவிற்கு முன்பாக கிறிஸ்து
480,15,16,2,போர்வீரர்கள் இயேசுவைப் பரிகாசம்பண்ணுதல்
480,15,21,3,சிலுவையில் அறையப்படுதல்
480,15,33,4,இயேசுவின் மரணம்
480,15,42,5,இயேசு அடக்கம்செய்யப்படுதல்
480,16,1,1,இயேசுவின் உயிர்த்தெழுதல்
480,16,19,2,பரலோகத்திற்கு எடுத்துக்கொள்ளப்படுதல்
490,1,1,1,முன்னுரை
490,1,5,2,யோவான்ஸ்நானனின் பிறப்பை முன்னறிவித்தல்
490,1,26,3,இயேசுவின் பிறப்பை முன்னறிவித்தல்
490,1,39,4,மரியாள் எலிசபெத்தை சந்தித்தல்
490,1,46,5,மரியாளின் பாடல்
490,1,57,6,யோவான்ஸ்நானனின் பிறப்பு
490,1,67,7,சகரியாவின் தீர்க்கதரிசனம்
490,2,1,1,இயேசுவின் பிறப்பு
490,2,8,2,மேய்ப்பர்களும் தேவதூதர்களும்
490,2,21,3,இயேசுவின் விருத்தசேதனம்
490,2,41,4,தேவாலயத்தில் சிறுவன் இயேசு
490,3,1,1,யோவான்ஸ்நானனின் பிரசங்கம்
490,3,21,2,இயேசுவின் ஞானஸ்நானமும் வம்சவரலாறும்
490,4,1,1,இயேசு சாத்தானால் சோதிக்கப்படுதல்
490,4,14,2,இயேசுவின் ஊழிய ஆரம்பம்
490,4,31,3,இயேசு அசுத்தஆவியைத் துரத்துதல்
490,4,38,4,இயேசு அநேகரை சுகமாக்குதல்
490,5,1,1,இயேசு சீடர்களை ஊழியத்திற்கு அழைத்தல்
490,5,12,2,குஷ்டரோகியான மனிதன்
490,5,17,3,பக்கவாதக்காரனை சுகப்படுத்துதல்
490,5,27,4,மத்தேயுவின் ஊழிய அழைப்பு
490,5,33,5,உபவாசத்தைப்பற்றிய கேள்வி
490,6,1,1,ஓய்வுநாளின் ஆண்டவர்
490,6,12,2,பன்னிரண்டு அப்போஸ்தலர்கள்
490,6,17,3,ஆசீர்வாதங்கள் மற்றும் ஐயோ
490,6,27,4,பகைவர்களை நேசியுங்கள்
490,6,37,5,மற்றவர்களை நியாயந்தீர்த்தல்
490,6,43,6,மரங்களும் அதின் கனிகளும்
490,6,46,7,கற்பாறைமேலும் மணலின்மேலும் கட்டப்பட்ட வீடுகள்
490,7,1,1,நூற்றுக்கு அதிபதியின் விசுவாசம்
490,7,11,2,விதவையின் மகனை உயிரோடு எழுப்புதல்
490,7,18,3,இயேசுவும் யோவான்ஸ்நானனும்
490,7,36,4,பாவியான பெண் இயேசுவை அபிஷேகித்தல்
490,8,1,1,விதைக்கிறவனின் உவமை
490,8,16,2,விளக்குத்தண்டின்மேல் உள்ள விளக்கு
490,8,19,3,"இயேசுவின் தாயாரும், சகோதரர்களும்"
490,8,22,4,இயேசு காற்றையும் கடலையும் அதட்டுதல்
490,8,26,5,இயேசு பிசாசு பிடித்தவனை சுகமாக்குதல்
490,8,40,6,மரித்த சிறுமியும் வியாதியுள்ள பெண்ணும்
490,9,1,1,சீடர்களை ஊழியத்திற்கு அனுப்புதல்
490,9,10,2,ஐந்தாயிரம்பேரை போஷித்தல்
490,9,18,3,பேதுருவின் விசுவாச அறிக்கை
490,9,28,4,இயேசு மருரூபமாகுதல்
490,9,37,5,அசுத்தஆவி பிடித்திருந்தவன் சுகம்பெறுதல்
490,9,46,6,யார் பெரியவனாக இருப்பான்?
490,9,51,7,இயேசுவின் கடிந்துகொள்ளுதல்
490,9,57,8,இயேசுவைப் பின்பற்றுவதின் முக்கியத்துவம்
490,10,1,1,இயேசு எழுபதுபேரை அனுப்புதல்
490,10,25,2,நல்ல சமாரியன்
490,10,38,3,மார்த்தாளும் மரியாளும்
490,11,1,1,ஜெபத்தைக்குறித்து இயேசுவின் போதனை
490,11,14,2,இயேசுவும் பெயெல்செபூலும்
490,11,29,3,யோனாவின் அடையாளம்
490,11,33,4,சரீரத்தின் விளக்கு
490,11,37,5,பரிசேயர்கள் மற்றும் வேதபண்டிதர்களுக்கு எச்சரிக்கை
490,12,1,1,எச்சரிக்கையும் உற்சாகப்படுத்துதலும்
490,12,13,2,அறிவற்ற செல்வந்தனின் உவமை
490,12,22,3,கவலைப்படாமலிருங்கள்
490,12,35,4,விழித்திருங்கள்
490,12,49,5,சமாதானமல்ல பிரிவினையே
490,12,54,6,காலங்களை நிதானித்தல்
490,13,1,1,மனந்திரும்புங்கள்
490,13,10,2,ஓய்வுநாளில் சுகமாக்கப்பட்டப் பெண்
490,13,18,3,"கடுகுவிதை, புளித்த மாவு"
490,13,22,4,இடுக்கமான வாசல்
490,13,31,5,எருசலேமுக்காகப் புலம்புதல்
490,14,1,1,பரிசேயன் வீட்டில் இயேசு
490,14,15,2,விருந்துசாலைபற்றிய உவமை
490,14,25,3,சீடர்களாக இருப்பது
490,15,1,1,காணாமல்போன ஆடு
490,15,8,2,காணாமல்போன வெள்ளிக்காசு
490,15,11,3,மனந்திரும்பிய மகன்
490,16,1,1,நேர்மையற்ற நிர்வாகி
490,16,16,2,போதனைகள்
490,16,19,3,செல்வந்தனும் லாசருவும்
490,17,1,1,விசுவாசத்தின் பாடம்
490,17,11,2,பத்து குஷ்டரோகிகள் சுகம்பெறுதல்
490,17,20,3,தேவனுடைய ராஜ்யத்தின் வருகை
490,18,1,1,விதவையும் நியாயாதிபதியும்
490,18,9,2,பரிசேயர்களும் வரி வசூலிப்பவர்களும்
490,18,15,3,இயேசுகிறிஸ்துவும் சிறுகுழந்தைகளும்
490,18,18,4,செல்வந்தனாகிய தலைவன்
490,18,31,5,இயேசு தன் மரணத்தை முன்னறிவித்தல்
490,18,35,6,குருடன் பார்வையடைதல்
490,19,1,1,வரி வசூலிப்பவனாகிய சகேயு
490,19,11,2,பொற்காசுபற்றிய உவமை
490,19,28,3,இயேசுவின் எருசலேம் பயணம்
490,19,45,4,தேவாலயத்தில் இயேசு
490,20,1,1,தமது அதிகாரத்தைப்பற்றி இயேசுவின் பதில்
490,20,9,2,திராட்சைத்தோட்டத்தின் உவமை
490,20,20,3,இராயனுக்கு வரி செலுத்துதல்
490,20,27,4,உயிர்த்தெழுதலும் திருமணமும்
490,20,41,5,கிறிஸ்து யாருடைய குமாரன்?
490,21,1,1,விதவையின் காணிக்கை
490,21,5,2,கடைசி காலத்திற்கான அடையாளங்கள்
490,21,25,3,கிறிஸ்துவின் வருகைக்கான அடையாளங்கள்
490,22,1,1,யூதாஸ் இயேசுவைக் காட்டிக்கொடுக்க ஒப்புக்கொள்ளுதல்
490,22,7,2,இறுதி கர்த்தருடைய பந்தி
490,22,39,3,ஒலிவமலையில் இயேசுவின் ஜெபம்
490,22,47,4,இயேசு கைதுசெய்யப்படுதல்
490,22,54,5,பேதுரு இயேசுவை மறுதலித்தல்
490,22,63,6,காவலாளிகள் இயேசுவைக் கேலிசெய்தல்
490,22,66,7,இயேசு விசாரிக்கப்படுதல்
490,23,26,1,இயேசு சிலுவையில் அறையப்படுதல்
490,23,44,2,இயேசுவின் மரணம்
490,23,50,3,இயேசுவின் அடக்கம்
490,24,1,1,இயேசுவின் உயிர்த்தெழுதல்
490,24,13,2,எம்மாவூருக்குச் சென்ற இருவர்
490,24,36,3,இயேசு சீடர்களுக்கு தரிசனமாகுதல்
490,24,50,4,இயேசுகிறிஸ்து பரமேறுதல்
500,1,1,1,வார்த்தை மாம்சமானது
500,1,19,2,யோவான்ஸ்நானன் கிறிஸ்து அல்ல
500,1,29,3,தேவ ஆட்டுக்குட்டியாகிய இயேசு
500,1,35,4,இயேசுவின் முதல் சீடன்
500,1,43,5,பிலிப்பு மற்றும் நாத்தான்வேலை இயேசு அழைத்தல்
500,2,1,1,கானா ஊரில் நடந்த திருமணம்
500,2,12,2,இயேசு தேவாலயத்தை சுத்திகரித்தல்
500,3,1,1,நிக்கொதேமுக்குப் போதனை
500,3,16,2,தேவனின் அன்பு
500,3,22,3,இயேசுவைக்குறித்து யோவான்ஸ்நானனின் சாட்சி
500,4,1,1,சமாரியா நாட்டுப் பெண்
500,4,27,2,சீடர்கள் இயேசுவோடு இணைதல்
500,4,39,3,சமாரியர்கள் அவரை விசுவாசித்தல்
500,4,43,4,அதிகாரியின் மகனைச் சுகமாக்குதல்
500,5,1,1,பெதஸ்தா குளத்தில் சுகமாக்குதல்
500,5,16,2,குமாரன் மூலமாக நித்தியஜீவன்
500,5,31,3,இயேசுவைக்குறித்த சாட்சிகள்
500,6,1,1,ஐந்தாயிரம்பேரைப் போஷித்தல்
500,6,16,2,இயேசு தண்ணீரின்மேல் நடத்தல்
500,6,25,3,ஜீவ அப்பமாகிய இயேசு
500,6,60,4,இயேசுவின் சீடர்கள் இடறலடைதல்
500,7,1,1,கிறிஸ்து தம் சகோதரர்களைக் கடிந்துகொள்ளுதல்
500,7,14,2,தேவாலயத்தில் இயேசுவின் போதனை
500,7,25,3,இயேசுதான் கிறிஸ்துவா?
500,7,45,4,யூதத் தலைவர்களுடைய அவிசுவாசம்
500,8,12,1,உலகத்தின் ஒளி
500,8,31,2,ஆபிரகாமின் பிள்ளைகள்
500,8,42,3,பிசாசின் பிள்ளைகள்
500,8,48,4,இயேசு தன்னைக்குறித்துச் சொல்லுதல்
500,9,1,1,உலகத்தின் ஒளி
500,9,5,2,இயேசு பிறவிக்குருடனைச் சுகப்படுத்துதல்
500,9,13,3,பரிசேயர்கள் அவனை தேவாலயத்திலிருந்து வெளியேற்றுதல்
500,9,35,4,ஆவிக்குரிய பார்வையின்மை
500,10,1,1,"மேய்ப்பனும், அவனுடைய ஆடுகளும்"
500,10,22,2,யூதர்களின் அவிசுவாசம்
500,11,1,1,லாசருவின் மரணம்
500,11,17,2,இயேசு லாசருவின் சகோதரிகளை ஆறுதல்படுத்துதல்
500,11,38,3,இயேசு லாசருவை உயிரோடு எழுப்புதல்
500,11,45,4,இயேசுவைக் கொல்ல சதித்திட்டம்
500,12,1,1,மரியாள் இயேசுவை அபிஷேகம்பண்ணுதல்
500,12,12,2,இயேசு எருசலேமுக்குள் பிரவேசித்தல்
500,12,20,3,இயேசு தன்னுடைய மரணத்தை முன்னறிவித்தல்
500,12,37,4,யூதர்களின் அவிசுவாசம்
500,13,1,1,இயேசு சீடர்களின் கால்களைக் கழுவுதல்
500,13,18,2,யூதாசின் சதித்திட்டம்
500,13,31,3,அன்பாக இருங்கள்
500,14,1,1,இயேசு தம்முடைய சீடர்களைத் தேற்றுதல்
500,14,5,2,இயேசுவே பிதாவைச் சென்றடையும் வழி
500,14,15,3,இயேசு பரிசுத்த ஆவியானவரை வாக்களித்தல்
500,15,1,1,திராட்சைச்செடியும் கொடிகளும்
500,15,18,2,உலகத்தினால் பகைக்கப்படுதல்
500,16,5,1,பரிசுத்த ஆவியானவரின் செயல்கள்
500,16,17,2,துக்கம் சந்தோஷமாக மாறும்
500,17,1,1,இயேசு தமக்காக ஜெபித்தல்
500,17,6,2,இயேசு தம்முடைய சீடர்களுக்காக ஜெபித்தல்
500,17,20,3,இயேசு எல்லா விசுவாசிகளுக்காகவும்ஜெபித்தல்
500,18,1,1,இயேசு காட்டிக்கொடுக்கப்படுதல்
500,18,12,2,இயேசு கைதுசெய்யப்படுதல்
500,18,15,3,பேதுருவின் முதலாம் மறுதலிப்பு
500,18,19,4,இயேசுவிடம் பிரதான ஆசாரியனின் கேள்விகள்
500,18,25,5,பேதுருவின் இரண்டாம் மற்றும் மூன்றாம் மறுதலிப்பு
500,18,28,6,பிலாத்துவிற்கு முன்பாக இயேசு
500,19,1,1,இயேசுவை சிலுவையில் அறைய ஒப்புக்கொடுக்கப்படுதல்.
500,19,16,2,இயேசு சிலுவையில் அறையப்படுதல்
500,19,28,3,இயேசுவின் மரணம்
500,19,38,4,இயேசு அடக்கம்செய்யப்படுதல்
500,20,1,1,இயேசுவின் உயிர்த்தெழுதல்
500,20,10,2,மகதலேனா மரியாளுக்கு இயேசு காட்சியளித்தல்
500,20,19,3,இயேசு சீடர்களுக்குக் காட்சியளித்தல்
500,20,24,4,தோமாவின் சந்தேகம்
500,21,1,1,இயேசு மறுபடியும் சீடர்களுக்குக் காட்சியளித்தல்
500,21,15,2,பேதுருவிடம் தமது பொறுப்பை ஒப்படைத்தல்
500,21,25,3,முடிவுரை
510,1,1,1,ஆதித்திருச்சபையின் வரலாறு
510,1,12,2,மத்தியா தேர்ந்தெடுக்கப்படுதல்
510,2,1,1,பெந்தெகொஸ்தே நாளில் பரிசுத்த ஆவியானவரின் வருகை
510,2,14,2,பேதுருவின் பிரசங்கம்
510,2,42,3,விசுவாசிகளின் ஐக்கியம்
510,3,1,1,பேதுரு முடவனைக் குணமாக்குதல்
510,3,11,2,பேதுரு மக்களோடு பேசுதல்
510,4,1,1,"யூத ஆலோசனைச் சங்கத்திற்கு முன்பாக பேதுருவும், யோவானும்"
510,4,23,2,விசுவாசிகளின் ஜெபம்
510,4,32,3,விசுவாசிகளின் ஐக்கியம்
510,5,1,1,"அனனியாவும், சப்பீராளும்"
510,5,12,2,அப்போஸ்தலர்கள் அநேகரைக் குணமாக்குதல்
510,5,17,3,அப்போஸ்தலர்கள் துன்பப்படுத்தப்படுதல்
510,6,1,1,ஏழு நபர்களைத் தேர்ந்தெடுத்தல்
510,6,8,2,ஸ்தேவானுக்கு எதிராக யூதர்கள்
510,7,1,1,ஆலோசனைச் சங்கத்திற்கு முன் ஸ்தேவான்
510,7,54,2,ஸ்தேவான் கல்லெறியப்படுதல்
510,8,1,1,எருசலேம்சபை துன்புறுத்தப்படுதல்
510,8,4,2,சமாரியாவில் பிலிப்பு
510,8,9,3,சீமோன் என்னும் மாயவித்தைக்காரன்
510,8,26,4,பிலிப்புவும் எத்தியோப்பியனும்
510,8,35,5,எத்தியோப்பிய மந்திரி ஞானஸ்நானம் பெறுதல்
510,9,1,1,சவுலின் மனந்திரும்புதல்
510,9,19,2,சவுல் தமஸ்குவில் போதித்தல்
510,9,32,3,"ஐனேயாவும், தொற்காளும்"
510,10,1,1,பேதுருவும் கொர்நேலியுவும்
510,10,9,2,பேதுருவின் தரிசனம்
510,10,23,3,கொர்நெலியுவின் வீட்டில் பேதுரு
510,11,1,1,பேதுரு தன்னுடைய காரியத்தை விளக்குதல்
510,11,19,2,அந்தியோகியா சபை
510,12,1,1,பேதுரு சிறையிலிருந்து விடுவிக்கப்படுதல்
510,12,19,2,ஏரோதுவின் மரணம்
510,13,1,1,பவுல் மற்றும் பர்னபாவின் நற்செய்திப் பயணம்
510,13,4,2,சீப்புரு தீவு
510,13,13,3,அந்தியோகியாவில் பவுலும் பர்னபாவும்
510,14,1,1,இக்கோணியாவில் பவுலும் பர்னபாவும்
510,14,8,2,லீஸ்திராவிலும் தெர்பையிலும்
510,14,21,3,அந்தியோகியாவிற்குத் திரும்பிவருதல்
510,15,1,1,விருத்தசேதனத்தைக்குறித்த விவாதம்
510,15,22,2,யூதரல்லாதவர்களுக்குக் கடிதம்
510,15,36,3,பவுலும் பர்னபாவும் பிரிந்துசெல்லுதல்
510,16,1,1,பவுல் மற்றும் சீலாவுடன் தீமோத்தேயு
510,16,6,2,மக்கெதோனியா மனிதனைக்குறித்த பவுலின் தரிசனம்
510,16,11,3,லீதியாள் மனந்திரும்புதல்
510,16,16,4,சிறைச்சாலையில் பவுலும் சீலாவும்
510,17,1,1,தெசலோனிக்கே பட்டணத்தில் பவுல் பிரசங்கித்தல்
510,17,10,2,பெரோயா பட்டணத்தில் பவுல்
510,17,16,3,அத்தேனே பட்டணத்தில் பவுல்
510,18,1,1,கொரிந்து பட்டணத்தில் பவுல்
510,18,18,2,"ஆக்கில்லா, பிரிஸ்கில்லா மற்றும் அப்பொல்லோ"
510,18,24,3,அப்பொல்லோவின் பிரசங்கம்
510,19,1,1,எபேசு பட்டணத்தில் பவுல்
510,19,23,2,எபேசுவிலே ஏற்பட்டக் கலகம்
510,20,1,1,பவுலின் அடுத்த நற்செய்திப் பயணம்
510,20,7,2,ஐத்திகு உயிரோடு எழுந்திருத்தல்
510,20,13,3,எபேசுவின் மூப்பர்களை வரவழைத்தல்
510,21,1,1,பவுல் எருசலேம் பட்டணத்திற்கு பயணம்
510,21,17,2,பவுல் வரவேற்கப்படுதல்
510,21,27,3,பவுல் கைதுசெய்யப்படுதல்
510,21,37,4,பவுல் மக்களோடு பேசுதல்
510,22,22,1,ரோமக் குடிமகனான பவுல்
510,22,30,2,ஆலோசனைச் சங்கத்தில் பவுல்
510,23,12,1,பவுலுக்கு எதிரான சதி
510,23,23,2,பவுல் செசரியாவிற்கு அனுப்பப்படுதல்
510,24,1,1,யூதர்களின் குற்றச்சாட்டு
510,25,1,1,பெஸ்துவுக்கு முன்பாக பவுல்
510,25,13,2,பெஸ்து அகிரிப்பாவோடு கலந்துபேசுதல்
510,25,23,3,பவுல் அகிரிப்பாவிடம் அனுப்பப்படுதல்
510,27,1,1,பவுலின் ரோமப் பயணம்
510,27,13,2,புயல்
510,27,27,3,கப்பல் சேதம்
510,28,1,1,மேலித்தாவில் கரைசேர்தல்
510,28,11,2,ரோமுக்கு வந்துசேர்தல்
510,28,17,3,பவுல் ரோமாபுரியில் பிரசங்கித்தல்
520,1,8,1,பவுல் ரோமபுரியைக் காண வாஞ்சித்தல்
520,1,18,2,பாவத்திற்கு எதிராக தேவனுடைய கோபம்
520,2,1,1,நடுநிலையான தேவனின் நியாயத்தீர்ப்பு
520,2,17,2,யூதர்களும் நியாயப்பிரமாணமும்
520,3,1,1,தேவனுடைய உண்மை
520,3,9,2,நீதிமான் ஒருவனுமில்லை
520,3,21,3,விசுவாசத்தினால் வரும் நீதி
520,4,1,1,ஆபிரகாம் விசுவாசத்தினால் நீதிமானாக்கப்படுதல்
520,5,1,1,விசுவாசத்தினாலே நீதிமானாக்கப்படுதல்
520,5,12,2,ஆதாமினால் பாவம் நுழைந்தது
520,6,1,1,பாவத்தினால் மரணம்
520,6,15,2,நீதிக்கு அடிமைகள்
520,6,21,3,பாவத்தின் சம்பளம் மரணம்
520,7,1,1,நியாயப்பிரமாணத்தின் முடிவு
520,7,7,2,பாவத்தோடு போராட்டம்
520,8,1,1,ஆவியானவரின் பிரமாணம்
520,8,18,2,எதிர்காலத்து மகிமை
520,8,28,3,கிறிஸ்தவர்களின் நம்பிக்கை
520,9,1,1,யூதர்களுக்காக பவுலின் வேதனை
520,9,30,2,இஸ்ரவேலர்களின் அவிசுவாசம்
520,11,1,1,இஸ்ரவேலரைத் தள்ளிவிடவில்லை
520,11,11,2,முறிக்கப்பட்டக் கிளைகள்
520,11,25,3,எல்லா இஸ்ரவேலர்களும் இரட்சிக்கப்படுவார்கள்
520,11,33,4,இறுதி வார்த்தைகள்
520,12,1,1,தேவனுடைய கிருபைகள்
520,12,9,2,அன்பும் மற்ற செயல்களும்
520,13,1,1,அதிகாரத்திற்குக் கீழ்ப்படிதல்
520,13,8,2,அன்பும் நியாயப்பிரமாணமும்
520,14,1,1,நியாயந்தீர்த்தல்
520,15,1,1,ஒருவரையொருவர் தாங்குங்கள்
520,15,14,2,யூதரல்லாதவர்களுக்கு பவுலின் ஊழியம்
520,15,23,3,ரோமபுரிக்குச் செல்ல பவுலின் திட்டம்
520,16,1,1,பவுலின் இறுதி அறிவுரை.
530,1,4,1,நன்றிசெலுத்துதல்
530,1,10,2,கொரிந்து சபையில் பிரிவினைகள்
530,1,18,3,"தேவபெலனும், தேவஞானமும்"
530,2,6,1,"தேவனுடைய ஞானமும், உலக ஞானமும்"
530,3,1,1,சபையிலுள்ள பிரிவினைகள்
530,3,16,2,தேவனுடைய ஆலயம்
530,4,1,1,ஊழியக்காரர்களும் மேற்பார்வைத்துவமும்
530,5,1,1,சபைக்குள் ஒழுக்கக்கேடு
530,6,1,1,விசுவாசிகளிடையே பிரச்சனைகள்
530,6,12,2,வேசித்தனச் சீர்கேடுகள்
530,7,1,1,திருமணத்தைக்குறித்த போதனைகள்
530,8,1,1,விக்கிரகங்களுக்குப் படைக்கப்பட்ட உணவு
530,9,1,1,அப்போஸ்தலனின் உரிமைகள்
530,10,1,1,இஸ்ரவேலர்களை முன்வைத்து எச்சரிப்புகள்
530,10,14,2,"விக்கிரக விருந்தும், கர்த்தருடைய பந்தியும்"
530,10,23,3,விசுவாசியின் சுதந்திரம்
530,11,2,1,ஆராதனை ஒழுங்குமுறைகள்
530,11,17,2,கர்த்தருடைய இராப்போஜனம்
530,12,1,1,பரிசுத்த ஆவியானவரின் வரங்கள்
530,12,12,2,கிறிஸ்துவின் சரீரம்
530,13,1,1,அன்பே பிரதானமானது
530,14,1,1,வரங்களைப் பயன்படுத்துதல்
530,14,26,2,ஆராதனையின் ஒழுங்குகள்
530,15,1,1,கிறிஸ்துவின் உயிர்த்தெழுதல்
530,15,12,2,மரித்தோரின் உயிர்த்தெழுதல்
530,15,35,3,மகிமையின் சரீரம்
530,16,1,1,பரிசுத்தவான்களுக்கான நன்கொடைப் பணம்
530,16,5,2,பவுலின் திட்டங்கள்
530,16,19,3,இறுதி வாழ்த்துக்கள்
540,1,3,1,எல்லாவித ஆறுதலின் தேவன்
540,1,12,2,பவுலின் பயணமாற்றம்
540,2,5,1,பாவிகளுக்கு மன்னிப்பு
540,2,12,2,புதிய உடன்படிக்கையின் ஊழியம்
540,3,7,1,புதிய உடன்படிக்கையின் மகிமை
540,4,1,1,பவுலின் உத்தமமும் நம்பகத்தன்மையும்
540,5,1,1,பவுலின் பாடுகளுக்கான காரணங்கள்
540,5,11,2,ஒப்புரவாக்குதலின் ஊழியம்
540,6,3,1,பவுலின் உபத்திரவங்கள்
540,6,14,2,அவிசுவாசிகளுடன் இணைந்திருத்தல்
540,7,2,1,பவுலின் சந்தோஷம்
540,8,1,1,எருசலேமில் உள்ள பரிசுத்தவான்களைத் தாங்குதல்
540,8,16,2,தீத்துவின் ஒப்படைப்பு
540,9,6,1,விதைப்பதும் அறுப்பதும்
540,10,1,1,பவுலின் ஆவிக்குரிய வல்லமை
540,11,1,1,பவுலும் கள்ள அப்போஸ்தலர்களும்
540,11,16,2,பவுல் தன்னுடைய உபத்திரவத்தைக்குறித்து மேன்மைபாராட்டல்
540,12,1,1,"பவுலுடைய தரிசனமும், முள்ளும்"
540,12,11,2,கொரிந்தியர்கள் மீதான பவுலின் கரிசனை
540,13,1,1,பவுலின் இறுதி எச்சரிக்கை
540,13,11,2,இறுதி வாழ்த்துக்கள்.
550,1,6,1,வேறொரு நற்செய்தி இல்லை
550,1,11,2,பவுலின் நற்செய்தி தேவனுடையது
550,2,1,1,பவுல் எருசலேமுக்குச் செல்லுதல்
550,2,11,2,பவுல் பேதுருவை எதிர்த்தல்
550,3,1,1,விசுவாசமும் நியாயப்பிரமாணமும்
550,3,15,2,நியாயப்பிரமாணமும் வாக்குத்தத்தமும்
550,3,26,3,தேவனுடைய பிள்ளைகள்
550,4,8,1,கலாத்தியர்கள்மீதான பவுலின் கரிசனை
550,4,21,2,ஆகாரும் சாராளும்
550,5,1,1,விருத்தசேதனம்
550,5,16,2,ஆவியானவராலே ஜீவன்
550,5,22,3,ஆவியானவரின் கனிகள்
550,6,1,1,சாந்தமுள்ள ஆவியோடு சகோதரர்களைச் சீர்படுத்துதல்
550,6,11,2,"விருத்தசேதனமல்ல, புதிய படைப்பே"
560,1,3,1,கிறிஸ்துவிற்குள் ஆவிக்குரிய ஆசீர்வாதங்கள்
560,1,15,2,நன்றிசெலுத்துதலும் ஜெபமும்
560,2,1,1,கிறிஸ்துவிற்குள் உயிர்ப்பிக்கப்படுதல்
560,2,11,2,கிறிஸ்துவுக்குள் ஒன்று
560,3,1,1,யூதரல்லாதவர்களுக்கு இரட்சிப்பு
560,3,14,2,எபேசியருக்கான பவுலின் ஜெபம்
560,4,1,1,கிறிஸ்துவின் சரீரத்திற்குள்ளான ஐக்கியம்
560,4,17,2,ஒளியின் பிள்ளைகளாக வாழ்தல்
560,5,22,1,கணவன்– மனைவி உறவு
560,6,1,1,"பிள்ளைகளும், பெற்றோரும்"
560,6,5,2,"வேலைக்காரர்களும், எஜமான்களும்"
560,6,10,3,"கிறிஸ்துவின் படைவீரர்களும், ஆயுதங்களும்"
560,6,21,4,இறுதி வாழ்த்துரை
570,1,3,1,நன்றிசொல்லுதலும் ஜெபமும்.
570,1,12,2,பவுலின் கட்டுகள்
570,2,1,1,கிறிஸ்துவின் தாழ்மை
570,2,12,2,பிரகாசிக்கும் நட்சத்திரங்கள்
570,2,19,3,தீமோத்தேயுவும் எப்பாப்பிரோதீத்துவும்
570,3,1,1,சரீரத்தின்மேலுள்ள நம்பிக்கை
570,3,12,2,இலக்கை நோக்கி ஓடுதல்
570,4,2,1,உற்சாகப்படுத்துதல்
570,4,10,2,உதவிகளுக்காக நன்றிகூருதல்
570,4,21,3,இறுதி வாழ்த்துதல்
580,1,3,1,நன்றிசொல்லுதலும் ஜெபமும்
580,1,15,2,கிறிஸ்து முதன்மையானவர்
580,1,24,3,பவுலின் பாடுகள்
580,2,6,1,மனிதர்களுடைய நியமங்களிலிருந்து விடுதலை
580,3,1,1,பரிசுத்த ஜீவியத்திற்கான விதிமுறைகள்
580,3,18,2,கிறிஸ்தவ குடும்பத்திற்கான விதிமுறைகள்
580,4,2,1,அறிவுரைகள்
580,4,7,2,இறுதி வாழ்த்துக்கள்
590,1,2,1,தெசலோனிக்கேயர்களின் விசுவாசத்திற்காக நன்றி சொல்லுதல்
590,2,1,1,தெசலோனிக்கேயாவில் பவுலின் ஊழியம்
590,2,17,2,பவுல் தெசலோனிக்கேயர்களைக் காண விரும்புதல்
590,3,6,1,தீமோத்தேயுவின் உற்சாகப்படுத்தும் அறிக்கை
590,4,1,1,தேவனுக்குப் பிரியமாக வாழ்வது
590,4,13,2,கர்த்தருடைய வருகை
590,5,12,1,இறுதி அறிவுரைகள்
600,1,3,1,"நன்றிசொல்லுதலும், ஜெபமும்"
600,2,1,1,கர்த்தருடைய வருகை
600,2,13,2,நிலைகொண்டிருங்கள்
600,3,1,1,பவுல் அவர்களை ஜெபிக்க வேண்டுதல்
600,3,6,2,வேலையில்லாமல் இருப்பதைக்குறித்த எச்சரிக்கை
600,3,16,3,இறுதி வாழ்த்துதல்
610,1,3,1,தவறான உபதேசத்தைக்குறித்த எச்சரிக்கை
610,1,12,2,பவுலுக்குக் கர்த்தருடைய கிருபை
610,2,1,1,ஆராதனைக்கான அறிவுரைகள்
610,3,1,1,கண்காணிகளும் உதவிக்காரர்களும்
610,4,1,1,தீமோத்தேயுவிற்கு பவுலின் அறிவுரைகள்
610,5,1,1,ஆலோசனைகள்
610,6,3,1,பணத்தின்மீதான ஆசை
610,6,11,2,தீமோத்தேயுவிற்கு பவுலின் கட்டளைகள்
620,1,3,1,உண்மையாயிருக்க உற்சாகப்படுத்துதல்
620,2,14,1,தேவனால் அங்கீகரிக்கப்பட்ட ஊழியக்காரன்
620,3,1,1,கடைசிகாலங்கள்பற்றின முன்னறிவிப்பு
620,3,10,2,தீமோத்தேயுவிற்கு பவுலின் அறிவுரைகள்
620,4,9,1,தனிப்பட்ட அறிவுரைகள்
620,4,19,2,இறுதி வாழ்த்துக்கள்
630,1,5,1,கிரேத்தா தீவில் தீத்துவின் பணி
630,2,1,1,தீத்துவிற்கு அறிவுரைகள்
630,3,1,1,நன்மையானதைச் செய்தல்
630,3,12,2,இறுதி அறிவுரைகள்
640,1,4,1,"நன்றி கூறுதலும், ஜெபமும்"
640,1,8,2,ஒநேசிமுக்காக பவுலின் மன்றாடல்
650,1,1,1,தீர்க்கதரிசிகளிலும் மேலானவர்
650,2,1,1,கவனிக்கவேண்டுமென எச்சரிப்பு
650,2,5,2,இயேசு அவருடைய சகோதரர்களைப்போல மாற்றப்பட்டார்
650,3,1,1,இயேசு மோசேயிலும் பெரியவர்
650,3,7,2,அவிசுவாசத்தைக்குறித்து எச்சரிப்பு
650,4,1,1,தேவ பிள்ளைகளுக்கு இளைப்பாறுதல்
650,4,14,2,இயேசு மகா பிரதான ஆசாரியர்
650,5,11,1,இடறிப்போவதைக்குறித்த எச்சரிக்கை
650,6,13,1,தேவனுடைய வாக்குத்தத்தத்தின் நிச்சயம்
650,7,1,1,ஆசாரியனாகிய மெல்கிசேதேக்கு
650,7,11,2,மெல்கிசேதேக்கைப்போல இயேசு
650,8,1,1,புதிய உடன்படிக்கையின் பிரதான ஆசாரியன்
650,9,1,1,ஆசாரிப்புக்கூடாரத்தில் ஆராதனை
650,9,11,2,கிறிஸ்துவின் இரத்தம்
650,10,1,1,கிறிஸ்துவின் தியாகம்
650,10,19,2,விசுவாசத்தில் உறுதி
650,11,1,1,விசுவாசம்
650,12,1,1,தேவனுடைய சீர்படுத்துதல்
650,12,14,2,தேவனை நிராகரிப்பவர்களுக்கான எச்சரிப்பு
650,13,1,1,இறுதி ஜெபமும் வாழ்த்துக்களும்
660,1,2,1,சோதனைகளும் விசுவாசத்தின் பரீட்சையும்
660,1,19,2,வசனத்தின்படி செய்தல்
660,2,1,1,"செல்வந்தனையும், ஏழைகளையும் சமமாக நடத்துதல்"
660,2,14,2,விசுவாசம் இல்லாத செயல்கள்
660,3,1,1,நாக்கை அடக்குதல்
660,3,13,2,இரண்டுவிதமான ஞானம்
660,4,1,1,தேவனுக்குக் கீழ்ப்படிந்திருங்கள்
660,4,13,2,நாளையதினத்தைக்குறித்து பெருமைகொள்ளுதல்
660,5,1,1,செல்வந்தர்களின் பெருந்துன்பங்கள்
660,5,7,2,பெருந்துன்பத்தின்கீழ் பொறுமை
660,5,13,3,துன்பத்தில் ஜெபம்
670,1,3,1,ஜீவனுள்ள நம்பிக்கைக்காக தேவனுக்கு ஸ்தோத்திரம்
670,1,13,2,பரிசுத்தமாக இருங்கள்
670,2,4,1,"ஜீவனுள்ள கல்லும், தெரிந்துகொள்ளப்பட்ட மக்களும்"
670,2,13,2,அதிகாரத்திற்குக் கீழ்ப்படிந்திருங்கள்
670,3,1,1,கணவர்களும் மனைவிகளும்
670,3,8,2,நன்மைசெய்து தீங்கு அனுபவித்தல்
670,4,1,1,தேவனுக்காக உயிர்வாழ்தல்
670,4,12,2,கிறிஸ்தவனாக இருப்பதினால் வரும் பாடுகள்
670,5,1,1,மூப்பர்களும் இளைஞர்களும்
670,5,12,2,இறுதி வாழ்த்துரை
680,1,3,1,"தேவனுடைய அழைப்பும், தெரிந்துகொள்ளுதலும்"
680,1,12,2,சத்தியத்தின் தீர்க்கதரிசனம்
680,2,1,1,"கள்ளப்போதகர்களும், அவர்களுடைய அழிவும்"
680,3,1,1,கர்த்தருடைய நாள்
690,1,1,1,கிறிஸ்துவ அன்பின் பொருள்
690,1,5,2,வெளிச்சத்தில் நடத்துதல்
690,2,15,1,உலகத்தை நேசிக்காதீர்கள்
690,2,18,2,அந்திக்கிறிஸ்துவைக்குறித்த எச்சரிக்கை
690,2,28,3,தேவனுடைய பிள்ளைகள்
690,3,11,1,ஒருவரையொருவர் நேசியுங்கள்
690,4,1,1,ஆவிகளைச் சோதித்தறியுங்கள்
690,4,7,2,"தேவனுடைய அன்பும், நம்முடைய அன்பும்"
690,5,1,1,தேவகுமாரன்மேலுள்ள விசுவாசம்
690,5,13,2,கருத்துக்களை நிறைவுசெய்தல்
720,1,3,1,பக்தியற்றவர்களும் பாவமும்
720,1,17,2,எச்சரிக்கைகள்
720,1,24,3,தேவனைப் புகழுதல்
730,1,1,1,தேவனின் வெளிப்பாடு
730,1,4,2,வாழ்த்துதல்
730,1,9,3,மனிதகுமாரனுக்கு ஒப்பானவர்
730,2,1,1,எபேசு சபைக்கு தூதனின் செய்தி
730,2,8,2,சிமிர்னா சபைக்கு தூதனின் செய்தி
730,2,12,3,பெர்கமு சபைக்கு தூதனின் செய்தி
730,2,18,4,தியத்தீரா சபைக்கு தூதனின் செய்தி
730,3,1,1,சர்தை சபைக்கு தூதனின் செய்தி
730,3,7,2,பிலதெல்பியா சபைக்கு தூதனின் செய்தி
730,3,14,3,லவோதிக்கேயா சபைக்கு தூதனின் செய்தி
730,4,1,1,தேவனுடைய சிங்காசனம்
730,5,1,1,"புத்தகச் சுருளும், ஆட்டுக்குட்டியும்"
730,6,1,1,ஆறு முத்திரைகள்
730,7,1,1,முத்திரையிடப்படுதல்
730,7,9,2,வெள்ளை அங்கி அணிந்திருந்த திரளான மக்கள்
730,8,1,1,"ஏழாம் முத்திரையும், பொற்கலசமும்"
730,8,6,2,எக்காளங்கள்
730,10,1,1,தேவதூதனும் புத்தகமும்
730,11,1,1,இரண்டு சாட்சிகள்
730,11,15,2,ஏழாம் எக்காளம்
730,12,1,1,பெண்ணும் இராட்சசப் பாம்பும்
730,13,1,1,கடலிலிருந்து எழும்பின மிருகம்
730,13,11,2,பூமியிலிருந்து எழும்பின மிருகம்
730,14,1,1,ஆட்டுக்குட்டியானவரும் அவருடைய கூட்டத்தினரும்
730,14,6,2,மூன்று தேவதூதர்கள்
730,14,14,3,பூமியின் அறுவடை
730,15,1,1,ஏழு தூதர்களும் ஏழு வாதைகளும்
730,16,1,1,தேவனுடைய கோபக்கலசங்கள்
730,17,1,1,மிருகத்தின் மேலுள்ள பெண்
730,18,1,1,பாபிலோனின் வீழ்ச்சி
730,19,1,1,தேவனை மகிமைப்படுத்துதல்
730,19,11,2,வெள்ளைக் குதிரையின்மேல் ஏறியிருந்தவர்
730,20,1,1,ஆயிரவருட அரசாட்சி
730,20,7,2,சாத்தானின் தண்டனை
730,20,11,3,மரணம் நியாயந்தீர்க்கப்பட்டது
730,21,1,1,புதிய எருசலேம்
730,22,1,1,ஜீவநதி
730,22,7,2,இயேசு சீக்கிரமாக வருகிறார்
