[
    {
        "name": "description",
        "value": "Tamil New Testament, 2017"
    },
    {
        "name": "html_style",
        "value": "i  { color: %COLOR_BLUE%; } \r\nem { color: %COLOR_BLUE%; } \r\na  { text-decoration: none; } \r\nspan.sc { font-variant: small-caps; } \r\n"
    },
    {
        "name": "detailed_info",
        "value": "Tamil New Testament <br/>\r\n© 2017 Bridge Connectivity Solutions. Released under the Creative Commons Attribution Share-Alike license 4.0. <br/>\r\neBible.org"
    },
    {
        "name": "language",
        "value": "ta"
    },
    {
        "name": "chapter_string",
        "value": "அத்தியாயம் %s"
    },
    {
        "name": "chapter_string_ps",
        "value": "சங்கீதம் %s"
    }
]