[
    {
        "book_color": "#ff6600",
        "book_number": 470,
        "long_name": "மத்தேயு",
        "short_name": "மத்.",
        "sorting_order": 100
    },
    {
        "book_color": "#ff6600",
        "book_number": 480,
        "long_name": "மாற்கு",
        "short_name": "மாற்.",
        "sorting_order": 200
    },
    {
        "book_color": "#ff6600",
        "book_number": 490,
        "long_name": "லூக்கா",
        "short_name": "லூக்.",
        "sorting_order": 300
    },
    {
        "book_color": "#ff6600",
        "book_number": 500,
        "long_name": "யோவான்",
        "short_name": "யோவா.",
        "sorting_order": 400
    },
    {
        "book_color": "#00ffff",
        "book_number": 510,
        "long_name": "அப்போஸ்தலர்",
        "short_name": "அப்.",
        "sorting_order": 500
    },
    {
        "book_color": "#ffff00",
        "book_number": 520,
        "long_name": "ரோமர்",
        "short_name": "ரோம.",
        "sorting_order": 600
    },
    {
        "book_color": "#ffff00",
        "book_number": 530,
        "long_name": "1 கொரிந்தியர்",
        "short_name": "1 கொரி.",
        "sorting_order": 700
    },
    {
        "book_color": "#ffff00",
        "book_number": 540,
        "long_name": "2 கொரிந்தியர்",
        "short_name": "2 கொரி.",
        "sorting_order": 800
    },
    {
        "book_color": "#ffff00",
        "book_number": 550,
        "long_name": "கலாத்தியர்",
        "short_name": "கலா.",
        "sorting_order": 900
    },
    {
        "book_color": "#ffff00",
        "book_number": 560,
        "long_name": "எபேசியர்",
        "short_name": "எபே.",
        "sorting_order": 1000
    },
    {
        "book_color": "#ffff00",
        "book_number": 570,
        "long_name": "பிலிப்பியர்",
        "short_name": "பிலி.",
        "sorting_order": 1100
    },
    {
        "book_color": "#ffff00",
        "book_number": 580,
        "long_name": "கொலோசேயர்",
        "short_name": "கொலோ.",
        "sorting_order": 1200
    },
    {
        "book_color": "#ffff00",
        "book_number": 590,
        "long_name": "1 தெசலோனிக்கேயர்",
        "short_name": "1 தெச.",
        "sorting_order": 1300
    },
    {
        "book_color": "#ffff00",
        "book_number": 600,
        "long_name": "2 தெசலோனிக்கேயர்",
        "short_name": "2 தெச.",
        "sorting_order": 1400
    },
    {
        "book_color": "#ffff00",
        "book_number": 610,
        "long_name": "1 தீமோத்தேயு",
        "short_name": "1 தீமோ.",
        "sorting_order": 1500
    },
    {
        "book_color": "#ffff00",
        "book_number": 620,
        "long_name": "2 தீமோத்தேயு",
        "short_name": "2 தீமோ.",
        "sorting_order": 1600
    },
    {
        "book_color": "#ffff00",
        "book_number": 630,
        "long_name": "தீத்து",
        "short_name": "தீத்.",
        "sorting_order": 1700
    },
    {
        "book_color": "#ffff00",
        "book_number": 640,
        "long_name": "பிலேமோன்",
        "short_name": "பிலே.",
        "sorting_order": 1800
    },
    {
        "book_color": "#ffff00",
        "book_number": 650,
        "long_name": "எபிரேயர்",
        "short_name": "எபி.",
        "sorting_order": 1900
    },
    {
        "book_color": "#00ff00",
        "book_number": 660,
        "long_name": "யாக்கோபு",
        "short_name": "யாக்.",
        "sorting_order": 2000
    },
    {
        "book_color": "#00ff00",
        "book_number": 670,
        "long_name": "1 பேதுரு",
        "short_name": "1 பேது.",
        "sorting_order": 2100
    },
    {
        "book_color": "#00ff00",
        "book_number": 680,
        "long_name": "2 பேதுரு",
        "short_name": "2 பேது.",
        "sorting_order": 2200
    },
    {
        "book_color": "#00ff00",
        "book_number": 690,
        "long_name": "1 யோவான்",
        "short_name": "1 யோவா.",
        "sorting_order": 2300
    },
    {
        "book_color": "#00ff00",
        "book_number": 700,
        "long_name": "2 யோவான்",
        "short_name": "2 யோவா.",
        "sorting_order": 2400
    },
    {
        "book_color": "#00ff00",
        "book_number": 710,
        "long_name": "3 யோவான்",
        "short_name": "3 யோவா.",
        "sorting_order": 2500
    },
    {
        "book_color": "#00ff00",
        "book_number": 720,
        "long_name": "யூதா",
        "short_name": "யூதா",
        "sorting_order": 2600
    },
    {
        "book_color": "#ff7c80",
        "book_number": 730,
        "long_name": "வெளிப்படுத்தல்",
        "short_name": "வெளி.",
        "sorting_order": 2700
    }
]