[
    {
        "book_color": "#ff6600",
        "book_number": 470,
        "is_present": 1,
        "long_name": "மத்தேயு",
        "short_name": "மத்.",
        "sorting_order": 100,
        "title": "மத்தேயு எழுதின நற்செய்தி"
    },
    {
        "book_color": "#ff6600",
        "book_number": 480,
        "is_present": 1,
        "long_name": "மாற்கு",
        "short_name": "மாற்.",
        "sorting_order": 200,
        "title": "மாற்கு எழுதின நற்செய்தி"
    },
    {
        "book_color": "#ff6600",
        "book_number": 490,
        "is_present": 1,
        "long_name": "லூக்கா",
        "short_name": "லூக்.",
        "sorting_order": 300,
        "title": "லூக்கா எழுதின நற்செய்தி"
    },
    {
        "book_color": "#ff6600",
        "book_number": 500,
        "is_present": 1,
        "long_name": "யோவான்",
        "short_name": "யோவா.",
        "sorting_order": 400,
        "title": "யோவான் எழுதிய நற்செய்தி"
    },
    {
        "book_color": "#00ffff",
        "book_number": 510,
        "is_present": 1,
        "long_name": "அப்போஸ்தலர்",
        "short_name": "அப்.",
        "sorting_order": 500,
        "title": "அப்போஸ்தலருடைய நடபடிகள்"
    },
    {
        "book_color": "#ffff00",
        "book_number": 520,
        "is_present": 1,
        "long_name": "ரோமர்",
        "short_name": "ரோம.",
        "sorting_order": 600,
        "title": "பவுல் ரோமருக்கு எழுதிய கடிதம்"
    },
    {
        "book_color": "#ffff00",
        "book_number": 530,
        "is_present": 1,
        "long_name": "1 கொரிந்தியர்",
        "short_name": "1 கொரி.",
        "sorting_order": 700,
        "title": "பவுல் கொரிந்தியருக்கு எழுதிய முதல் கடிதம்"
    },
    {
        "book_color": "#ffff00",
        "book_number": 540,
        "is_present": 1,
        "long_name": "2 கொரிந்தியர்",
        "short_name": "2 கொரி.",
        "sorting_order": 800,
        "title": "பவுல் கொரிந்தியருக்கு எழுதிய இரண்டாம் கடிதம்"
    },
    {
        "book_color": "#ffff00",
        "book_number": 550,
        "is_present": 1,
        "long_name": "கலாத்தியர்",
        "short_name": "கலா.",
        "sorting_order": 900,
        "title": "பவுல் கலாத்தியருக்கு எழுதிய கடிதம்"
    },
    {
        "book_color": "#ffff00",
        "book_number": 560,
        "is_present": 1,
        "long_name": "எபேசியர்",
        "short_name": "எபே.",
        "sorting_order": 1000,
        "title": "பவுல் எபேசியருக்கு எழுதிய கடிதம்"
    },
    {
        "book_color": "#ffff00",
        "book_number": 570,
        "is_present": 1,
        "long_name": "பிலிப்பியர்",
        "short_name": "பிலி.",
        "sorting_order": 1100,
        "title": "பவுல் பிலிப்பியருக்கு எழுதிய கடிதம்"
    },
    {
        "book_color": "#ffff00",
        "book_number": 580,
        "is_present": 1,
        "long_name": "கொலோசேயர்",
        "short_name": "கொலோ.",
        "sorting_order": 1200,
        "title": "பவுல் கொலோசேயருக்கு எழுதிய கடிதம்"
    },
    {
        "book_color": "#ffff00",
        "book_number": 590,
        "is_present": 1,
        "long_name": "1 தெசலோனிக்கேயர்",
        "short_name": "1 தெச.",
        "sorting_order": 1300,
        "title": "பவுல் தெசலோனிக்கேயருக்கு எழுதிய முதல் கடிதம்"
    },
    {
        "book_color": "#ffff00",
        "book_number": 600,
        "is_present": 1,
        "long_name": "2 தெசலோனிக்கேயர்",
        "short_name": "2 தெச.",
        "sorting_order": 1400,
        "title": "பவுல் தெசலோனிக்கேயருக்கு எழுதிய இரண்டாம் கடிதம்"
    },
    {
        "book_color": "#ffff00",
        "book_number": 610,
        "is_present": 1,
        "long_name": "1 தீமோத்தேயு",
        "short_name": "1 தீமோ.",
        "sorting_order": 1500,
        "title": "பவுல் தீமோத்தேயுவுக்கு எழுதிய முதல் கடிதம்"
    },
    {
        "book_color": "#ffff00",
        "book_number": 620,
        "is_present": 1,
        "long_name": "2 தீமோத்தேயு",
        "short_name": "2 தீமோ.",
        "sorting_order": 1600,
        "title": "பவுல் தீமோத்தேயுவுக்கு எழுதிய இரண்டாம் கடிதம்"
    },
    {
        "book_color": "#ffff00",
        "book_number": 630,
        "is_present": 1,
        "long_name": "தீத்து",
        "short_name": "தீத்.",
        "sorting_order": 1700,
        "title": "பவுல் தீத்துவுக்கு எழுதிய கடிதம்"
    },
    {
        "book_color": "#ffff00",
        "book_number": 640,
        "is_present": 1,
        "long_name": "பிலேமோன்",
        "short_name": "பிலே.",
        "sorting_order": 1800,
        "title": "பவுல் பிலேமோனுக்கு எழுதிய கடிதம்"
    },
    {
        "book_color": "#ffff00",
        "book_number": 650,
        "is_present": 1,
        "long_name": "எபிரேயர்",
        "short_name": "எபி.",
        "sorting_order": 1900,
        "title": "எபிரேயருக்கு எழுதிய கடிதம்"
    },
    {
        "book_color": "#00ff00",
        "book_number": 660,
        "is_present": 1,
        "long_name": "யாக்கோபு",
        "short_name": "யாக்.",
        "sorting_order": 2000,
        "title": "யாக்கோபு எழுதிய கடிதம்"
    },
    {
        "book_color": "#00ff00",
        "book_number": 670,
        "is_present": 1,
        "long_name": "1 பேதுரு",
        "short_name": "1 பேது.",
        "sorting_order": 2100,
        "title": "பேதுரு எழுதிய முதல் கடிதம்"
    },
    {
        "book_color": "#00ff00",
        "book_number": 680,
        "is_present": 1,
        "long_name": "2 பேதுரு",
        "short_name": "2 பேது.",
        "sorting_order": 2200,
        "title": "பேதுரு எழுதிய இரண்டாம் கடிதம்"
    },
    {
        "book_color": "#00ff00",
        "book_number": 690,
        "is_present": 1,
        "long_name": "1 யோவான்",
        "short_name": "1 யோவா.",
        "sorting_order": 2300,
        "title": "யோவான் எழுதிய முதல் கடிதம்"
    },
    {
        "book_color": "#00ff00",
        "book_number": 700,
        "is_present": 1,
        "long_name": "2 யோவான்",
        "short_name": "2 யோவா.",
        "sorting_order": 2400,
        "title": "யோவான் எழுதிய இரண்டாம் கடிதம்"
    },
    {
        "book_color": "#00ff00",
        "book_number": 710,
        "is_present": 1,
        "long_name": "3 யோவான்",
        "short_name": "3 யோவா.",
        "sorting_order": 2500,
        "title": "யோவான் எழுதிய மூன்றாம் கடிதம்"
    },
    {
        "book_color": "#00ff00",
        "book_number": 720,
        "is_present": 1,
        "long_name": "யூதா",
        "short_name": "யூதா",
        "sorting_order": 2600,
        "title": "யூதா எழுதிய கடிதம்"
    },
    {
        "book_color": "#ff7c80",
        "book_number": 730,
        "is_present": 1,
        "long_name": "வெளிப்படுத்தல்",
        "short_name": "வெளி.",
        "sorting_order": 2700,
        "title": "வெளிப்படுத்தப்பட்ட தரிசனம்"
    }
]