[
    {
        "name": "description",
        "value": "இந்திய சமகால தமிழ் மொழிப்பெயர்ப்பு 2020"
    },
    {
        "name": "detailed_info",
        "value": "Indian Tamil Contemporary Version 2020 – இந்திய சமகால தமிழ் மொழிப்பெயர்ப்பு 2020 <br/>\r\nஇந்திய சமகால தமிழ் மொழிப்பெயர்ப்பு™ பதிப்புரிமை © 2005, 2020 Biblica, Inc. பஅனுமதியுடன் பயன்படுத்தப்படுகிறது. உலகளாவிய முழு பதிப்புரிமை பாதுகாக்கப்பட்டவை. Indian Tamil Contemporary Version™ Copyright © 2005, 2020 by Biblica, Inc. <br/>\r\nTamil — தமிழ்"
    },
    {
        "name": "language",
        "value": "ta"
    },
    {
        "name": "chapter_string",
        "value": "அத்தியாயம் %s"
    },
    {
        "name": "chapter_string_ps",
        "value": "சங்கீதம் %s"
    },
    {
        "name": "html_style",
        "value": "i  { color: %COLOR_BLUE%; } \nem { color: %COLOR_BLUE%; } \na  { text-decoration: none; } \nspan.sc { font-variant: small-caps; } \nspan.pn { text-decoration: underline; } \nspan.RTL { direction: rtl; display: inline; } "
    },
    {
        "name": "add_space_before_footnote_marker",
        "value": "true"
    },
    {
        "name": "origin",
        "value": "Created by Oleg Safonov (E-mail: osafonov@gmail.com, Telegram: @osafonov). \nOrigin: https://www.bible.com/versions/2730"
    },
    {
        "name": "history_of_changes",
        "value": "(2021-01-29) Published"
    }
]