﻿book_number,short_name,long_name,book_color
10,ஆதி,ஆதியாகமம்,#ccccff
20,யாத்,யாத்திராகமம்,#ccccff
30,லேவி,லேவியராகமம்,#ccccff
40,எண்,எண்ணாகமம்,#ccccff
50,உபா,உபாகமம்,#ccccff
60,யோசு,யோசுவா,#ffcc99
70,நியா,நியாயாதிபதிகள்,#ffcc99
80,ரூத்,ரூத்,#ffcc99
90,1 சாமு,1 சாமுவேல்,#ffcc99
100,2 சாமு,2 சாமுவேல்,#ffcc99
110,1 இரா,1 இராஜாக்கள்,#ffcc99
120,2 இரா,2 இராஜாக்கள்,#ffcc99
130,1 நாளா,1 நாளாகமம்,#ffcc99
140,2 நாளா,2 நாளாகமம்,#ffcc99
150,எஸ்றா,எஸ்றா,#ffcc99
160,நெகே,நெகேமியா,#ffcc99
190,எஸ்தர்,எஸ்தர்,#ffcc99
220,யோபு,யோபு,#66ff99
230,சங்,சங்கீதம்,#66ff99
240,நீதி,நீதிமொழிகள்,#66ff99
250,பிரச,பிரசங்கி,#66ff99
260,உன்ன,உன்னதப்பாட்டு,#66ff99
290,ஏசா,ஏசாயா,#ff9fb4
300,ஏரே,எரேமியா,#ff9fb4
310,புலம்,புலம்பல்,#ff9fb4
330,எசே,எசேக்கியேல்,#ff9fb4
340,தானி,தானியேல்,#ff9fb4
350,ஓசி,ஓசியா,#ffff99
360,யோவே,யோவேல்,#ffff99
370,ஆமோ,ஆமோஸ்,#ffff99
380,ஒபதி,ஒபதியா,#ffff99
390,யோனா,யோனா,#ffff99
400,மீகா,மீகா,#ffff99
410,நாகூ,நாகூம்,#ffff99
420,ஆபகூ,ஆபகூக்,#ffff99
430,செப்,செப்பனியா,#ffff99
440,ஆகா,ஆகாய்,#ffff99
450,சகரி,சகரியா,#ffff99
460,மல்கி,மல்கியா,#ffff99
470,மத்,மத்தேயு,#ff6600
480,மாற்,மாற்கு,#ff6600
490,லூக்,லூக்கா,#ff6600
500,யோவா,யோவான்,#ff6600
510,அப்,அப்போஸ்தலர்,#00ffff
520,ரோம,ரோமர்,#ffff00
530,1 கொரி,1 கொரிந்தியர்,#ffff00
540,2 கொரி,2 கொரிந்தியர்,#ffff00
550,கலா,கலாத்தியர்,#ffff00
560,எபே,எபேசியர்,#ffff00
570,பிலிப்,பிலிப்பியர்,#ffff00
580,கொலோ,கொலோசெயர்,#ffff00
590,1 தெச,1 தெசலோனிக்கேயர்,#ffff00
600,2 தெச,2 தெசலோனிக்கேயர்,#ffff00
610,1 தீமத்,1 தீமோத்தேயு,#ffff00
620,2 தீமத்,2 தீமோத்தேயு,#ffff00
630,தீத்,தீத்து,#ffff00
640,பிலமோ,பிலேமோன்,#ffff00
650,எபிரே,எபிரெயர்,#ffff00
660,யாக்,யாக்கோபு,#00ff00
670,1 பேது,1 பேதுரு,#00ff00
680,2 பேது,2 பேதுரு,#00ff00
690,1 யோவா,1 யோவான்,#00ff00
700,2 யோவா,2 யோவான்,#00ff00
710,3 யோவா,3 யோவான்,#00ff00
720,யூதா,யூதா,#00ff00
730,வெளிப்,வெளிப்படுத்தல்,#ff7c80
