﻿name,value
description,பரிசுத்த வேதாகமம் O.V. Red Letter Edition
html_style,"i  { color: %COLOR_BLUE%; } 
em { color: %COLOR_BLUE%; } 
a  { text-decoration: none; } 
span.sc { font-variant: small-caps; } 
"
detailed_info,Tamil Older Version Bible (BSI) – பரிசுத்த வேதாகமம் O.V. Red Letter Edition
language,ta
chapter_string,அத்தியாயம் %s
chapter_string_ps,சங்கீதம் %s
origin,"Created by Oleg Safonov (E-mail: osafonov@gmail.com, Telegram: @osafonov).
Origin: OSIS-file by Philip Zachariah <philip707@gmail.com>"
history_of_changes,(2021-05-14) Published
