﻿book_number,short_name,long_name,title,book_color,is_present,sorting_order
10,ஆதி,ஆதியாகமம்,ஆதியாகமம்,#ccccff,1,100
20,யாத்,யாத்திராகமம்,யாத்திராகமம்,#ccccff,1,200
30,லேவி,லேவியராகமம்,லேவியராகமம்,#ccccff,1,300
40,எண்,எண்ணாகமம்,எண்ணாகமம்,#ccccff,1,400
50,உபா,உபாகமம்,உபாகமம்,#ccccff,1,500
60,யோசு,யோசுவா,யோசுவா,#ffcc99,1,600
70,நியா,நியாயாதிபதிகள்,நியாயாதிபதிகள்,#ffcc99,1,700
80,ரூத்,ரூத்,ரூத்தின் சரித்திரம்,#ffcc99,1,800
90,1 சாமு,1 சாமுவேல்,சாமுவேலின் முதலாம் புத்தகம்,#ffcc99,1,900
100,2 சாமு,2 சாமுவேல்,சாமுவேலின் இரண்டாம் புத்தகம்,#ffcc99,1,1000
110,1 இரா,1 இராஜாக்கள்,இராஜாக்களின் முதலாம் புத்தகம்,#ffcc99,1,1100
120,2 இரா,2 இராஜாக்கள்,இராஜாக்களின் இரண்டாம் புத்தகம்,#ffcc99,1,1200
130,1 நாளா,1 நாளாகமம்,நாளாகமத்தின் முதலாம் புத்தகம்,#ffcc99,1,1300
140,2 நாளா,2 நாளாகமம்,நாளாகமத்தின் இரண்டாம் புத்தகம்,#ffcc99,1,1400
150,எஸ்றா,எஸ்றா,எஸ்றாவின் புஸ்தகம்,#ffcc99,1,1500
160,நெகே,நெகேமியா,நெகேமியாவின் புஸ்தகம்,#ffcc99,1,1600
190,எஸ்தர்,எஸ்தர்,எஸ்தரின் சரித்திரம்,#ffcc99,1,1700
220,யோபு,யோபு,யோபுடைய சரித்திரம்,#66ff99,1,1800
230,சங்,சங்கீதம்,சங்கீத புஸ்தகம்,#66ff99,1,1900
240,நீதி,நீதிமொழிகள்,நீதிமொழிகள்,#66ff99,1,2000
250,பிரச,பிரசங்கி,பிரசங்கி,#66ff99,1,2100
260,உன்ன,உன்னதப்பாட்டு,சாலொமோனின் உன்னதப்பாட்டு,#66ff99,1,2200
290,ஏசா,ஏசாயா,ஏசாயா தீர்க்கதரிசியின் புஸ்தகம்,#ff9fb4,1,2300
300,ஏரே,எரேமியா,எரேமியா தீர்க்கதரிசியின் புஸ்தகம்,#ff9fb4,1,2400
310,புலம்,புலம்பல்,எரேமியாவின் புலம்பல்,#ff9fb4,1,2500
330,எசே,எசேக்கியேல்,எசேக்கியேல் தீர்க்கதரிசியின் புஸ்தகம்,#ff9fb4,1,2600
340,தானி,தானியேல்,தானியேலின் புஸ்தகம்,#ff9fb4,1,2700
350,ஓசி,ஓசியா,ஓசியா,#ffff99,1,2800
360,யோவே,யோவேல்,யோவேல்,#ffff99,1,2900
370,ஆமோ,ஆமோஸ்,ஆமோஸ்,#ffff99,1,3000
380,ஒபதி,ஒபதியா,ஒபதியா,#ffff99,1,3100
390,யோனா,யோனா,யோனா,#ffff99,1,3200
400,மீகா,மீகா,மீகா,#ffff99,1,3300
410,நாகூ,நாகூம்,நாகூம்,#ffff99,1,3400
420,ஆபகூ,ஆபகூக்,ஆபகூக்,#ffff99,1,3500
430,செப்,செப்பனியா,செப்பனியா,#ffff99,1,3600
440,ஆகா,ஆகாய்,ஆகாய்,#ffff99,1,3700
450,சகரி,சகரியா,சகரியா,#ffff99,1,3800
460,மல்கி,மல்கியா,மல்கியா,#ffff99,1,3900
470,மத்,மத்தேயு,மத்தேயு எழுதின சுவிசேஷம்,#ff6600,1,4000
480,மாற்,மாற்கு,மாற்கு எழுதின சுவிசேஷம்,#ff6600,1,4100
490,லூக்,லூக்கா,லூக்கா எழுதின சுவிசேஷம்,#ff6600,1,4200
500,யோவா,யோவான்,யோவான் எழுதின சுவிசேஷம்,#ff6600,1,4300
510,அப்,அப்போஸ்தலர்,அப்போஸ்தலருடைய நடபடிகள்,#00ffff,1,4400
520,ரோம,ரோமர்,அப்போஸ்தலனாகிய பவுல் ரோமாபுரியாருக்கு எழுதின நிருபம்,#ffff00,1,4500
530,1 கொரி,1 கொரிந்தியர்,அப்போஸ்தலனாகிய பவுல் கொரிந்தியருக்கு எழுதின முதலாம் நிருபம்,#ffff00,1,4600
540,2 கொரி,2 கொரிந்தியர்,அப்போஸ்தலனாகிய பவுல் கொரிந்தியருக்கு எழுதின இரண்டாம் நிருபம்,#ffff00,1,4700
550,கலா,கலாத்தியர்,அப்போஸ்தலனாகிய பவுல் கலாத்தியருக்கு எழுதின நிருபம்,#ffff00,1,4800
560,எபே,எபேசியர்,அப்போஸ்தலனாகிய பவுல் எபேசியருக்கு எழுதின நிருபம்,#ffff00,1,4900
570,பிலிப்,பிலிப்பியர்,அப்போஸ்தலனாகிய பவுல் பிலிப்பியருக்கு எழுதின நிருபம்,#ffff00,1,5000
580,கொலோ,கொலோசெயர்,அப்போஸ்தலனாகிய பவுல் கொலோசெயருக்கு எழுதின நிருபம்,#ffff00,1,5100
590,1 தெச,1 தெசலோனிக்கேயர்,அப்போஸ்தலனாகிய பவுல் தெசலோனிக்கேயருக்கு எழுதின முதலாம் நிருபம்,#ffff00,1,5200
600,2 தெச,2 தெசலோனிக்கேயர்,அப்போஸ்தலனாகிய பவுல் தெசலோனிக்கேயருக்கு எழுதின இரண்டாம் நிருபம்,#ffff00,1,5300
610,1 தீமத்,1 தீமோத்தேயு,அப்போஸ்தலனாகிய பவுல் தீமோத்தேயுவுக்கு எழுதின முதலாம் நிருபம்,#ffff00,1,5400
620,2 தீமத்,2 தீமோத்தேயு,அப்போஸ்தலனாகிய பவுல் தீமோத்தேயுவுக்கு எழுதின இரண்டாம் நிருபம்,#ffff00,1,5500
630,தீத்,தீத்து,அப்போஸ்தலனாகிய பவுல் தீத்துவுக்கு எழுதின நிருபம்,#ffff00,1,5600
640,பிலமோ,பிலேமோன்,அப்போஸ்தலனாகிய பவுல் பிலேமோனுக்கு எழுதின நிருபம்,#ffff00,1,5700
650,எபிரே,எபிரெயர்,எபிரெயருக்கு எழுதின நிருபம்,#ffff00,1,5800
660,யாக்,யாக்கோபு,அப்போஸ்தலனாகிய யாக்கோபு எழுதின பொதுவான நிருபம்,#00ff00,1,5900
670,1 பேது,1 பேதுரு,அப்போஸ்தலனாகிய பேதுரு எழுதின பொதுவான முதலாம் நிருபம்,#00ff00,1,6000
680,2 பேது,2 பேதுரு,அப்போஸ்தலனாகிய பேதுரு எழுதின பொதுவான இரண்டாம் நிருபம்,#00ff00,1,6100
690,1 யோவா,1 யோவான்,அப்போஸ்தலனாகிய யோவான் எழுதின முதலாம் நிருபம்,#00ff00,1,6200
700,2 யோவா,2 யோவான்,அப்போஸ்தலனாகிய யோவான் எழுதின இரண்டாம் நிருபம்,#00ff00,1,6300
710,3 யோவா,3 யோவான்,அப்போஸ்தலனாகிய யோவான் எழுதின மூன்றாம் நிருபம்,#00ff00,1,6400
720,யூதா,யூதா,அப்போஸ்தலனாகிய யூதா எழுதின பொதுவான நிருபம்,#00ff00,1,6500
730,வெளிப்,வெளிப்படுத்தல்,திவ்ய வாசகனாகிய யோவானுக்கு வெளிப்படுத்தின விசேஷம்,#ff7c80,1,6600
