﻿book_number,short_name,long_name,book_color,sorting_order
10,ஆதி,ஆதியாகமம்,#ccccff,100
20,யாத்,யாத்திராகமம்,#ccccff,200
30,லேவி,லேவியராகமம்,#ccccff,300
40,எண்,எண்ணாகமம்,#ccccff,400
50,உபா,உபாகமம்,#ccccff,500
60,யோசு,யோசுவா,#ffcc99,600
70,நியா,நியாயாதிபதிகள்,#ffcc99,700
80,ரூத்,ரூத்,#ffcc99,800
90,1 சாமு,1 சாமுவேல்,#ffcc99,900
100,2 சாமு,2 சாமுவேல்,#ffcc99,1000
110,1 இரா,1 இராஜாக்கள்,#ffcc99,1100
120,2 இரா,2 இராஜாக்கள்,#ffcc99,1200
130,1 நாளா,1 நாளாகமம்,#ffcc99,1300
140,2 நாளா,2 நாளாகமம்,#ffcc99,1400
150,எஸ்றா,எஸ்றா,#ffcc99,1500
160,நெகே,நெகேமியா,#ffcc99,1600
190,எஸ்தர்,எஸ்தர்,#ffcc99,1700
220,யோபு,யோபு,#66ff99,1800
230,சங்,சங்கீதம்,#66ff99,1900
240,நீதி,நீதிமொழிகள்,#66ff99,2000
250,பிரச,பிரசங்கி,#66ff99,2100
260,உன்ன,உன்னதப்பாட்டு,#66ff99,2200
290,ஏசா,ஏசாயா,#ff9fb4,2300
300,ஏரே,எரேமியா,#ff9fb4,2400
310,புலம்,புலம்பல்,#ff9fb4,2500
330,எசே,எசேக்கியேல்,#ff9fb4,2600
340,தானி,தானியேல்,#ff9fb4,2700
350,ஓசி,ஓசியா,#ffff99,2800
360,யோவே,யோவேல்,#ffff99,2900
370,ஆமோ,ஆமோஸ்,#ffff99,3000
380,ஒபதி,ஒபதியா,#ffff99,3100
390,யோனா,யோனா,#ffff99,3200
400,மீகா,மீகா,#ffff99,3300
410,நாகூ,நாகூம்,#ffff99,3400
420,ஆபகூ,ஆபகூக்,#ffff99,3500
430,செப்,செப்பனியா,#ffff99,3600
440,ஆகா,ஆகாய்,#ffff99,3700
450,சகரி,சகரியா,#ffff99,3800
460,மல்கி,மல்கியா,#ffff99,3900
470,மத்,மத்தேயு,#ff6600,4000
480,மாற்,மாற்கு,#ff6600,4100
490,லூக்,லூக்கா,#ff6600,4200
500,யோவா,யோவான்,#ff6600,4300
510,அப்,அப்போஸ்தலர்,#00ffff,4400
520,ரோம,ரோமர்,#ffff00,4500
530,1 கொரி,1 கொரிந்தியர்,#ffff00,4600
540,2 கொரி,2 கொரிந்தியர்,#ffff00,4700
550,கலா,கலாத்தியர்,#ffff00,4800
560,எபே,எபேசியர்,#ffff00,4900
570,பிலிப்,பிலிப்பியர்,#ffff00,5000
580,கொலோ,கொலோசெயர்,#ffff00,5100
590,1 தெச,1 தெசலோனிக்கேயர்,#ffff00,5200
600,2 தெச,2 தெசலோனிக்கேயர்,#ffff00,5300
610,1 தீமத்,1 தீமோத்தேயு,#ffff00,5400
620,2 தீமத்,2 தீமோத்தேயு,#ffff00,5500
630,தீத்,தீத்து,#ffff00,5600
640,பிலமோ,பிலேமோன்,#ffff00,5700
650,எபிரே,எபிரெயர்,#ffff00,5800
660,யாக்,யாக்கோபு,#00ff00,5900
670,1 பேது,1 பேதுரு,#00ff00,6000
680,2 பேது,2 பேதுரு,#00ff00,6100
690,1 யோவா,1 யோவான்,#00ff00,6200
700,2 யோவா,2 யோவான்,#00ff00,6300
710,3 யோவா,3 யோவான்,#00ff00,6400
720,யூதா,யூதா,#00ff00,6500
730,வெளிப்,வெளிப்படுத்தல்,#ff7c80,6600
