[
    {
        "book_color": "#ccccff",
        "book_number": 10,
        "long_name": "ஆதியாகமம்",
        "short_name": "ஆதி"
    },
    {
        "book_color": "#ccccff",
        "book_number": 20,
        "long_name": "யாத்திராகமம்",
        "short_name": "யாத்"
    },
    {
        "book_color": "#ccccff",
        "book_number": 30,
        "long_name": "லேவியராகமம்",
        "short_name": "லேவி"
    },
    {
        "book_color": "#ccccff",
        "book_number": 40,
        "long_name": "எண்ணாகமம்",
        "short_name": "எண்"
    },
    {
        "book_color": "#ccccff",
        "book_number": 50,
        "long_name": "உபாகமம்",
        "short_name": "உபா"
    },
    {
        "book_color": "#ffcc99",
        "book_number": 60,
        "long_name": "யோசுவா",
        "short_name": "யோசு"
    },
    {
        "book_color": "#ffcc99",
        "book_number": 70,
        "long_name": "நியாயாதிபதிகள்",
        "short_name": "நியா"
    },
    {
        "book_color": "#ffcc99",
        "book_number": 80,
        "long_name": "ரூத்",
        "short_name": "ரூத்"
    },
    {
        "book_color": "#ffcc99",
        "book_number": 90,
        "long_name": "1 சாமுவேல்",
        "short_name": "1 சாமு"
    },
    {
        "book_color": "#ffcc99",
        "book_number": 100,
        "long_name": "2 சாமுவேல்",
        "short_name": "2 சாமு"
    },
    {
        "book_color": "#ffcc99",
        "book_number": 110,
        "long_name": "1 இராஜாக்கள்",
        "short_name": "1 இரா"
    },
    {
        "book_color": "#ffcc99",
        "book_number": 120,
        "long_name": "2 இராஜாக்கள்",
        "short_name": "2 இரா"
    },
    {
        "book_color": "#ffcc99",
        "book_number": 130,
        "long_name": "1 நாளாகமம்",
        "short_name": "1 நாளா"
    },
    {
        "book_color": "#ffcc99",
        "book_number": 140,
        "long_name": "2 நாளாகமம்",
        "short_name": "2 நாளா"
    },
    {
        "book_color": "#ffcc99",
        "book_number": 150,
        "long_name": "எஸ்றா",
        "short_name": "எஸ்றா"
    },
    {
        "book_color": "#ffcc99",
        "book_number": 160,
        "long_name": "நெகேமியா",
        "short_name": "நெகே"
    },
    {
        "book_color": "#ffcc99",
        "book_number": 190,
        "long_name": "எஸ்தர்",
        "short_name": "எஸ்தர்"
    },
    {
        "book_color": "#66ff99",
        "book_number": 220,
        "long_name": "யோபு",
        "short_name": "யோபு"
    },
    {
        "book_color": "#66ff99",
        "book_number": 230,
        "long_name": "சங்கீதம்",
        "short_name": "சங்"
    },
    {
        "book_color": "#66ff99",
        "book_number": 240,
        "long_name": "நீதிமொழிகள்",
        "short_name": "நீதி"
    },
    {
        "book_color": "#66ff99",
        "book_number": 250,
        "long_name": "பிரசங்கி",
        "short_name": "பிரச"
    },
    {
        "book_color": "#66ff99",
        "book_number": 260,
        "long_name": "உன்னதப்பாட்டு",
        "short_name": "உன்ன"
    },
    {
        "book_color": "#ff9fb4",
        "book_number": 290,
        "long_name": "ஏசாயா",
        "short_name": "ஏசா"
    },
    {
        "book_color": "#ff9fb4",
        "book_number": 300,
        "long_name": "எரேமியா",
        "short_name": "ஏரே"
    },
    {
        "book_color": "#ff9fb4",
        "book_number": 310,
        "long_name": "புலம்பல்",
        "short_name": "புலம்"
    },
    {
        "book_color": "#ff9fb4",
        "book_number": 330,
        "long_name": "எசேக்கியேல்",
        "short_name": "எசே"
    },
    {
        "book_color": "#ff9fb4",
        "book_number": 340,
        "long_name": "தானியேல்",
        "short_name": "தானி"
    },
    {
        "book_color": "#ffff99",
        "book_number": 350,
        "long_name": "ஓசியா",
        "short_name": "ஓசி"
    },
    {
        "book_color": "#ffff99",
        "book_number": 360,
        "long_name": "யோவேல்",
        "short_name": "யோவே"
    },
    {
        "book_color": "#ffff99",
        "book_number": 370,
        "long_name": "ஆமோஸ்",
        "short_name": "ஆமோ"
    },
    {
        "book_color": "#ffff99",
        "book_number": 380,
        "long_name": "ஒபதியா",
        "short_name": "ஒபதி"
    },
    {
        "book_color": "#ffff99",
        "book_number": 390,
        "long_name": "யோனா",
        "short_name": "யோனா"
    },
    {
        "book_color": "#ffff99",
        "book_number": 400,
        "long_name": "மீகா",
        "short_name": "மீகா"
    },
    {
        "book_color": "#ffff99",
        "book_number": 410,
        "long_name": "நாகூம்",
        "short_name": "நாகூ"
    },
    {
        "book_color": "#ffff99",
        "book_number": 420,
        "long_name": "ஆபகூக்",
        "short_name": "ஆபகூ"
    },
    {
        "book_color": "#ffff99",
        "book_number": 430,
        "long_name": "செப்பனியா",
        "short_name": "செப்"
    },
    {
        "book_color": "#ffff99",
        "book_number": 440,
        "long_name": "ஆகாய்",
        "short_name": "ஆகா"
    },
    {
        "book_color": "#ffff99",
        "book_number": 450,
        "long_name": "சகரியா",
        "short_name": "சகரி"
    },
    {
        "book_color": "#ffff99",
        "book_number": 460,
        "long_name": "மல்கியா",
        "short_name": "மல்கி"
    },
    {
        "book_color": "#ff6600",
        "book_number": 470,
        "long_name": "மத்தேயு",
        "short_name": "மத்"
    },
    {
        "book_color": "#ff6600",
        "book_number": 480,
        "long_name": "மாற்கு",
        "short_name": "மாற்"
    },
    {
        "book_color": "#ff6600",
        "book_number": 490,
        "long_name": "லூக்கா",
        "short_name": "லூக்"
    },
    {
        "book_color": "#ff6600",
        "book_number": 500,
        "long_name": "யோவான்",
        "short_name": "யோவா"
    },
    {
        "book_color": "#00ffff",
        "book_number": 510,
        "long_name": "அப்போஸ்தலர்",
        "short_name": "அப்"
    },
    {
        "book_color": "#ffff00",
        "book_number": 520,
        "long_name": "ரோமர்",
        "short_name": "ரோம"
    },
    {
        "book_color": "#ffff00",
        "book_number": 530,
        "long_name": "1 கொரிந்தியர்",
        "short_name": "1 கொரி"
    },
    {
        "book_color": "#ffff00",
        "book_number": 540,
        "long_name": "2 கொரிந்தியர்",
        "short_name": "2 கொரி"
    },
    {
        "book_color": "#ffff00",
        "book_number": 550,
        "long_name": "கலாத்தியர்",
        "short_name": "கலா"
    },
    {
        "book_color": "#ffff00",
        "book_number": 560,
        "long_name": "எபேசியர்",
        "short_name": "எபே"
    },
    {
        "book_color": "#ffff00",
        "book_number": 570,
        "long_name": "பிலிப்பியர்",
        "short_name": "பிலிப்"
    },
    {
        "book_color": "#ffff00",
        "book_number": 580,
        "long_name": "கொலோசெயர்",
        "short_name": "கொலோ"
    },
    {
        "book_color": "#ffff00",
        "book_number": 590,
        "long_name": "1 தெசலோனிக்கேயர்",
        "short_name": "1 தெச"
    },
    {
        "book_color": "#ffff00",
        "book_number": 600,
        "long_name": "2 தெசலோனிக்கேயர்",
        "short_name": "2 தெச"
    },
    {
        "book_color": "#ffff00",
        "book_number": 610,
        "long_name": "1 தீமோத்தேயு",
        "short_name": "1 தீமத்"
    },
    {
        "book_color": "#ffff00",
        "book_number": 620,
        "long_name": "2 தீமோத்தேயு",
        "short_name": "2 தீமத்"
    },
    {
        "book_color": "#ffff00",
        "book_number": 630,
        "long_name": "தீத்து",
        "short_name": "தீத்"
    },
    {
        "book_color": "#ffff00",
        "book_number": 640,
        "long_name": "பிலேமோன்",
        "short_name": "பிலமோ"
    },
    {
        "book_color": "#ffff00",
        "book_number": 650,
        "long_name": "எபிரெயர்",
        "short_name": "எபிரே"
    },
    {
        "book_color": "#00ff00",
        "book_number": 660,
        "long_name": "யாக்கோபு",
        "short_name": "யாக்"
    },
    {
        "book_color": "#00ff00",
        "book_number": 670,
        "long_name": "1 பேதுரு",
        "short_name": "1 பேது"
    },
    {
        "book_color": "#00ff00",
        "book_number": 680,
        "long_name": "2 பேதுரு",
        "short_name": "2 பேது"
    },
    {
        "book_color": "#00ff00",
        "book_number": 690,
        "long_name": "1 யோவான்",
        "short_name": "1 யோவா"
    },
    {
        "book_color": "#00ff00",
        "book_number": 700,
        "long_name": "2 யோவான்",
        "short_name": "2 யோவா"
    },
    {
        "book_color": "#00ff00",
        "book_number": 710,
        "long_name": "3 யோவான்",
        "short_name": "3 யோவா"
    },
    {
        "book_color": "#00ff00",
        "book_number": 720,
        "long_name": "யூதா",
        "short_name": "யூதா"
    },
    {
        "book_color": "#ff7c80",
        "book_number": 730,
        "long_name": "வெளிப்படுத்தல்",
        "short_name": "வெளிப்"
    }
]