[
    {
        "name": "description",
        "value": "பரிசுத்த வேதாகமம் O.V. Red Letter Edition"
    },
    {
        "name": "html_style",
        "value": "i  { color: %COLOR_BLUE%; } \r\nem { color: %COLOR_BLUE%; } \r\na  { text-decoration: none; } \r\nspan.sc { font-variant: small-caps; } \r\n"
    },
    {
        "name": "detailed_info",
        "value": "Tamil Older Version Bible (BSI) – பரிசுத்த வேதாகமம் O.V. Red Letter Edition"
    },
    {
        "name": "language",
        "value": "ta"
    },
    {
        "name": "chapter_string",
        "value": "அத்தியாயம் %s"
    },
    {
        "name": "chapter_string_ps",
        "value": "சங்கீதம் %s"
    },
    {
        "name": "origin",
        "value": "Created by Oleg Safonov (E-mail: osafonov@gmail.com, Telegram: @osafonov).\nOrigin: OSIS-file by Philip Zachariah <philip707@gmail.com>"
    },
    {
        "name": "history_of_changes",
        "value": "(2021-05-14) Published"
    }
]