[
    {
        "book_number": 0,
        "introduction": "<p>Tamil O.V. Bible - பரிசுத்த வேதாகமம் O.V.<br/><br/>Copyright © 2017 by The Bible Society of India<br/>Used by permission. All rights reserved worldwide.<br/></p>"
    },
    {
        "book_number": 10,
        "introduction": ""
    },
    {
        "book_number": 20,
        "introduction": ""
    },
    {
        "book_number": 30,
        "introduction": ""
    },
    {
        "book_number": 40,
        "introduction": ""
    },
    {
        "book_number": 50,
        "introduction": ""
    },
    {
        "book_number": 60,
        "introduction": ""
    },
    {
        "book_number": 70,
        "introduction": ""
    },
    {
        "book_number": 80,
        "introduction": ""
    },
    {
        "book_number": 90,
        "introduction": ""
    },
    {
        "book_number": 100,
        "introduction": ""
    },
    {
        "book_number": 110,
        "introduction": ""
    },
    {
        "book_number": 120,
        "introduction": ""
    },
    {
        "book_number": 130,
        "introduction": ""
    },
    {
        "book_number": 140,
        "introduction": ""
    },
    {
        "book_number": 150,
        "introduction": ""
    },
    {
        "book_number": 160,
        "introduction": ""
    },
    {
        "book_number": 190,
        "introduction": ""
    },
    {
        "book_number": 220,
        "introduction": ""
    },
    {
        "book_number": 230,
        "introduction": ""
    },
    {
        "book_number": 240,
        "introduction": ""
    },
    {
        "book_number": 250,
        "introduction": ""
    },
    {
        "book_number": 260,
        "introduction": ""
    },
    {
        "book_number": 290,
        "introduction": ""
    },
    {
        "book_number": 300,
        "introduction": ""
    },
    {
        "book_number": 310,
        "introduction": ""
    },
    {
        "book_number": 330,
        "introduction": ""
    },
    {
        "book_number": 340,
        "introduction": ""
    },
    {
        "book_number": 350,
        "introduction": ""
    },
    {
        "book_number": 360,
        "introduction": ""
    },
    {
        "book_number": 370,
        "introduction": ""
    },
    {
        "book_number": 380,
        "introduction": ""
    },
    {
        "book_number": 390,
        "introduction": ""
    },
    {
        "book_number": 400,
        "introduction": ""
    },
    {
        "book_number": 410,
        "introduction": ""
    },
    {
        "book_number": 420,
        "introduction": ""
    },
    {
        "book_number": 430,
        "introduction": ""
    },
    {
        "book_number": 440,
        "introduction": ""
    },
    {
        "book_number": 450,
        "introduction": ""
    },
    {
        "book_number": 460,
        "introduction": ""
    },
    {
        "book_number": 470,
        "introduction": ""
    },
    {
        "book_number": 480,
        "introduction": ""
    },
    {
        "book_number": 490,
        "introduction": ""
    },
    {
        "book_number": 500,
        "introduction": ""
    },
    {
        "book_number": 510,
        "introduction": ""
    },
    {
        "book_number": 520,
        "introduction": ""
    },
    {
        "book_number": 530,
        "introduction": ""
    },
    {
        "book_number": 540,
        "introduction": ""
    },
    {
        "book_number": 550,
        "introduction": ""
    },
    {
        "book_number": 560,
        "introduction": ""
    },
    {
        "book_number": 570,
        "introduction": ""
    },
    {
        "book_number": 580,
        "introduction": ""
    },
    {
        "book_number": 590,
        "introduction": ""
    },
    {
        "book_number": 600,
        "introduction": ""
    },
    {
        "book_number": 610,
        "introduction": ""
    },
    {
        "book_number": 620,
        "introduction": ""
    },
    {
        "book_number": 630,
        "introduction": ""
    },
    {
        "book_number": 640,
        "introduction": ""
    },
    {
        "book_number": 650,
        "introduction": ""
    },
    {
        "book_number": 660,
        "introduction": ""
    },
    {
        "book_number": 670,
        "introduction": ""
    },
    {
        "book_number": 680,
        "introduction": ""
    },
    {
        "book_number": 690,
        "introduction": ""
    },
    {
        "book_number": 700,
        "introduction": ""
    },
    {
        "book_number": 710,
        "introduction": ""
    },
    {
        "book_number": 720,
        "introduction": ""
    },
    {
        "book_number": 730,
        "introduction": ""
    }
]