book_number,short_name,long_name,title,book_color,is_present,sorting_order
470,மத்.,மத்தேயு,மத்தேயு எழுதின நற்செய்தி,#ff6600,1,100
480,மாற்.,மாற்கு,மாற்கு எழுதின நற்செய்தி,#ff6600,1,200
490,லூக்.,லூக்கா,லூக்கா எழுதின நற்செய்தி,#ff6600,1,300
500,யோவா.,யோவான்,யோவான் எழுதிய நற்செய்தி,#ff6600,1,400
510,அப்.,அப்போஸ்தலர்,அப்போஸ்தலருடைய நடபடிகள்,#00ffff,1,500
520,ரோம.,ரோமர்,பவுல் ரோமருக்கு எழுதிய கடிதம்,#ffff00,1,600
530,1 கொரி.,1 கொரிந்தியர்,பவுல் கொரிந்தியருக்கு எழுதிய முதல் கடிதம்,#ffff00,1,700
540,2 கொரி.,2 கொரிந்தியர்,பவுல் கொரிந்தியருக்கு எழுதிய இரண்டாம் கடிதம்,#ffff00,1,800
550,கலா.,கலாத்தியர்,பவுல் கலாத்தியருக்கு எழுதிய கடிதம்,#ffff00,1,900
560,எபே.,எபேசியர்,பவுல் எபேசியருக்கு எழுதிய கடிதம்,#ffff00,1,1000
570,பிலி.,பிலிப்பியர்,பவுல் பிலிப்பியருக்கு எழுதிய கடிதம்,#ffff00,1,1100
580,கொலோ.,கொலோசேயர்,பவுல் கொலோசேயருக்கு எழுதிய கடிதம்,#ffff00,1,1200
590,1 தெச.,1 தெசலோனிக்கேயர்,பவுல் தெசலோனிக்கேயருக்கு எழுதிய முதல் கடிதம்,#ffff00,1,1300
600,2 தெச.,2 தெசலோனிக்கேயர்,பவுல் தெசலோனிக்கேயருக்கு எழுதிய இரண்டாம் கடிதம்,#ffff00,1,1400
610,1 தீமோ.,1 தீமோத்தேயு,பவுல் தீமோத்தேயுவுக்கு எழுதிய முதல் கடிதம்,#ffff00,1,1500
620,2 தீமோ.,2 தீமோத்தேயு,பவுல் தீமோத்தேயுவுக்கு எழுதிய இரண்டாம் கடிதம்,#ffff00,1,1600
630,தீத்.,தீத்து,பவுல் தீத்துவுக்கு எழுதிய கடிதம்,#ffff00,1,1700
640,பிலே.,பிலேமோன்,பவுல் பிலேமோனுக்கு எழுதிய கடிதம்,#ffff00,1,1800
650,எபி.,எபிரேயர்,எபிரேயருக்கு எழுதிய கடிதம்,#ffff00,1,1900
660,யாக்.,யாக்கோபு,யாக்கோபு எழுதிய கடிதம்,#00ff00,1,2000
670,1 பேது.,1 பேதுரு,பேதுரு எழுதிய முதல் கடிதம்,#00ff00,1,2100
680,2 பேது.,2 பேதுரு,பேதுரு எழுதிய இரண்டாம் கடிதம்,#00ff00,1,2200
690,1 யோவா.,1 யோவான்,யோவான் எழுதிய முதல் கடிதம்,#00ff00,1,2300
700,2 யோவா.,2 யோவான்,யோவான் எழுதிய இரண்டாம் கடிதம்,#00ff00,1,2400
710,3 யோவா.,3 யோவான்,யோவான் எழுதிய மூன்றாம் கடிதம்,#00ff00,1,2500
720,யூதா,யூதா,யூதா எழுதிய கடிதம்,#00ff00,1,2600
730,வெளி.,வெளிப்படுத்தல்,வெளிப்படுத்தப்பட்ட தரிசனம்,#ff7c80,1,2700
