book_number,short_name,long_name,book_color,sorting_order
470,மத்.,மத்தேயு,#ff6600,100
480,மாற்.,மாற்கு,#ff6600,200
490,லூக்.,லூக்கா,#ff6600,300
500,யோவா.,யோவான்,#ff6600,400
510,அப்.,அப்போஸ்தலர்,#00ffff,500
520,ரோம.,ரோமர்,#ffff00,600
530,1 கொரி.,1 கொரிந்தியர்,#ffff00,700
540,2 கொரி.,2 கொரிந்தியர்,#ffff00,800
550,கலா.,கலாத்தியர்,#ffff00,900
560,எபே.,எபேசியர்,#ffff00,1000
570,பிலி.,பிலிப்பியர்,#ffff00,1100
580,கொலோ.,கொலோசேயர்,#ffff00,1200
590,1 தெச.,1 தெசலோனிக்கேயர்,#ffff00,1300
600,2 தெச.,2 தெசலோனிக்கேயர்,#ffff00,1400
610,1 தீமோ.,1 தீமோத்தேயு,#ffff00,1500
620,2 தீமோ.,2 தீமோத்தேயு,#ffff00,1600
630,தீத்.,தீத்து,#ffff00,1700
640,பிலே.,பிலேமோன்,#ffff00,1800
650,எபி.,எபிரேயர்,#ffff00,1900
660,யாக்.,யாக்கோபு,#00ff00,2000
670,1 பேது.,1 பேதுரு,#00ff00,2100
680,2 பேது.,2 பேதுரு,#00ff00,2200
690,1 யோவா.,1 யோவான்,#00ff00,2300
700,2 யோவா.,2 யோவான்,#00ff00,2400
710,3 யோவா.,3 யோவான்,#00ff00,2500
720,யூதா,யூதா,#00ff00,2600
730,வெளி.,வெளிப்படுத்தல்,#ff7c80,2700
