name,value
description,இந்திய சமகால தமிழ் மொழிப்பெயர்ப்பு 2020
detailed_info,"Indian Tamil Contemporary Version 2020 – இந்திய சமகால தமிழ் மொழிப்பெயர்ப்பு 2020 <br/>
இந்திய சமகால தமிழ் மொழிப்பெயர்ப்பு™ பதிப்புரிமை © 2005, 2020 Biblica, Inc. பஅனுமதியுடன் பயன்படுத்தப்படுகிறது. உலகளாவிய முழு பதிப்புரிமை பாதுகாக்கப்பட்டவை. Indian Tamil Contemporary Version™ Copyright © 2005, 2020 by Biblica, Inc. <br/>
Tamil — தமிழ்"
language,ta
chapter_string,அத்தியாயம் %s
chapter_string_ps,சங்கீதம் %s
html_style,"i  { color: %COLOR_BLUE%; } 
em { color: %COLOR_BLUE%; } 
a  { text-decoration: none; } 
span.sc { font-variant: small-caps; } 
span.pn { text-decoration: underline; } 
span.RTL { direction: rtl; display: inline; } "
add_space_before_footnote_marker,true
origin,"Created by Oleg Safonov (E-mail: osafonov@gmail.com, Telegram: @osafonov). 
Origin: https://www.bible.com/versions/2730"
history_of_changes,(2021-01-29) Published
