book_number,chapter,verse,order_if_several,title
470,1,1,1,இயேசுவின் வம்சவரலாறு
470,1,18,2,இயேசு கிறிஸ்துவின் பிறப்பு
470,2,1,1,அறிஞர்கள் வருகை
470,2,13,2,எகிப்துக்குத் தப்பிச் செல்லுதல்
470,2,19,3,நாசரேத்துக்குத் திரும்புதல்
470,3,1,1,யோவான் ஸ்நானகன்
470,3,13,2,இயேசுவின் திருமுழுக்கு
470,4,1,1,இயேசு சோதிக்கப்படுதல்
470,4,12,2,இயேசு பிரசங்கிக்க ஆரம்பித்தல்
470,4,18,3,இயேசு முதல் சீடர்களை அழைத்தல்
470,4,23,4,இயேசு நோயாளிகளை குணமாக்குதல்
470,5,1,1,மலைப்பிரசங்கம்
470,5,3,2,ஆசீர்வதிக்கப்பட்டோர்
470,5,13,3,உப்பும் ஒளியும்
470,5,17,4,மோசேயின் சட்டம் நிறைவேறுதல்
470,5,21,5,கொலை
470,5,27,6,விபசாரத்தைப் பற்றிய போதனை
470,5,31,7,விவாகரத்து
470,5,33,8,ஆணையிடுவது
470,5,38,9,பழிவாங்குதல்
470,5,43,10,பகைவரிடத்தில் அன்புக்காட்டுவது
470,6,1,1,ஏழைகளுக்குக் கொடுத்தல்
470,6,5,2,மன்றாடல்
470,6,16,3,உபவாசம்
470,6,19,4,பரலோகத்தில் செல்வங்கள்
470,6,25,5,கவலை வேண்டாம்
470,7,1,1,தீர்ப்புச் செய்வது
470,7,7,2,"கேளுங்கள், தேடுங்கள், தட்டுங்கள்"
470,7,13,3,இடுக்கமான வாசலும் அகன்ற வாசலும்
470,7,15,4,மரமும் அதன் கனியும்
470,7,21,5,உண்மை மற்றும் கள்ளச் சீடர்கள்
470,7,24,6,இருவகை வீடுகள்
470,8,1,1,குஷ்ட வியாதியுள்ளவன்
470,8,5,2,நூற்றுக்குத் தலைவனின் விசுவாசம்
470,8,14,3,இயேசு அநேகரைக் குணப்படுத்துதல்
470,8,18,4,இயேசுவைப் பின்பற்றுவதற்கான கிரயம்
470,8,23,5,இயேசு புயலை அமைதிப்படுத்துதல்
470,8,28,6,பிசாசு பிடித்த இருவர் குணமடைதல்
470,9,1,1,இயேசு முடக்குவாதக்காரனைச் சுகப்படுத்துதல்
470,9,9,2,மத்தேயு அழைக்கப்படுதல்
470,9,14,3,உபவாசத்தைப் பற்றி இயேசுவிடம் கேள்வி
470,9,18,4,இறந்த மகளும் வியாதியான பெண்ணும்
470,9,27,5,இயேசு குருடரையும் ஊமையனையும் குணமாக்குதல்
470,9,35,6,வேலையாட்கள் குறைவு
470,10,1,1,இயேசு பன்னிரெண்டு சீடர்களை அனுப்புதல்
470,11,1,1,இயேசுவும் யோவான் ஸ்நானகனும்
470,11,20,2,மனந்திரும்பாத பட்டணங்கள்
470,11,25,3,களைப்புற்றோருக்கு ஆறுதல்
470,12,1,1,ஓய்வுநாளின் ஆண்டவர்
470,12,15,2,இறைவன் தெரிந்துகொண்ட ஊழியர்
470,12,22,3,இயேசுவும் பெயல்செபூலும்
470,12,38,4,யோனாவின் அடையாளம்
470,12,46,5,இயேசுவின் தாயும் சகோதரரும்
470,13,1,1,விதைப்பவனைப் பற்றிய உவமை
470,13,24,2,களைகளைப் பற்றிய உவமை
470,13,31,3,கடுகு விதையின் உவமை
470,13,36,4,களைகளைப் பற்றிய உவமையின் விளக்கம்
470,13,44,5,மறைந்திருக்கும் புதையல்
470,13,47,6,வலையின் உவமை
470,13,53,7,கனம்பெறாத இறைவாக்கினர்
470,14,1,1,யோவான் ஸ்நானகனின் சிரச்சேதம்
470,14,13,2,இயேசு ஐயாயிரம் பேருக்கு உணவளித்தல்
470,14,22,3,இயேசு தண்ணீர்மேல் நடந்தது
470,15,1,1,சுத்தமும் அசுத்தமும்
470,15,21,2,கானானியப் பெண்ணின் விசுவாசம்
470,15,29,3,இயேசு நாலாயிரம் பேருக்கு உணவளித்தல்
470,16,1,1,யூத தலைவர்கள் அடையாளம் கேட்பது
470,16,5,2,பரிசேயர் சதுசேயரின் புளிப்பூட்டும் பொருள்
470,16,13,3,பேதுருவின் அறிக்கை
470,16,21,4,இயேசு தமது மரணத்தை முன்னறிவித்தல்
470,17,1,1,இயேசு மறுரூபமாவது
470,17,14,2,பிசாசு பிடித்தவன் குணமாக்கப்படுதல்
470,17,22,3,இயேசு தமது மரணத்தை இரண்டாம் முறை அறிவிக்கிறார்
470,17,24,4,ஆலய வரி
470,18,1,1,பரலோக அரசில் யார் பெரியவன்
470,18,6,2,பாவம் செய்யப்பண்ணுதல்
470,18,10,3,வழிதப்பிய ஆடுபற்றிய உவமைக் கதை
470,18,15,4,பாவம் செய்யும் சகோதரர்கள்
470,18,21,5,இரக்கமற்ற வேலையாள்
470,19,1,1,விவாகரத்து
470,19,13,2,சிறுபிள்ளைகளும் இயேசுவும்
470,19,16,3,செல்வந்தனான வாலிபன்
470,20,1,1,திராட்சைத் தோட்ட வேலையாட்கள்
470,20,17,2,இயேசு தமது மரணத்தைத் திரும்பவும் முன்னறிவித்தல்
470,20,20,3,ஒரு தாயின் வேண்டுகோள்
470,20,29,4,இரண்டு பார்வையற்றோர் பார்வை பெறுதல்
470,21,1,1,எருசலேமில் இயேசுவின் ஊர்வலம்
470,21,12,2,ஆலயத்தில் இயேசு
470,21,18,3,பட்டுப்போன அத்திமரம்
470,21,23,4,இயேசுவின் அதிகாரத்தைக் குறித்த கேள்வி
470,21,28,5,இரண்டு மகன்களின் உவமை
470,21,33,6,குத்தகைக்காரன் உவமை
470,22,1,1,திருமண விருந்து பற்றிய உவமை
470,22,15,2,வரிசெலுத்துவதுப் பற்றிய கேள்வி
470,22,23,3,உயிர்த்தெழுதலில் திருமணம்
470,22,34,4,மிகப்பெரிய கட்டளை
470,22,41,5,கிறிஸ்து யாருடைய மகன்?
470,23,1,1,யூத மார்க்கத் தலைவர்களும் இயேசுவும்
470,23,13,2,"மோசேயின் சட்ட ஆசிரியர்கள், பரிசேயர்களுக்கு ஐயோ"
470,24,1,1,கடைசிக்கால அடையாளங்கள்
470,24,36,2,முடிவு நாள்
470,25,1,1,பத்துக் கன்னிகைகளின் உவமை
470,25,14,2,பொற்காசுகளின் உவமைக் கதை
470,25,31,3,செம்மறியாடுகளும் வெள்ளாடுகளும்
470,26,1,1,இயேசுவுக்கு எதிரான சதித்திட்டம்
470,26,6,2,சீமோன் வீட்டில் இயேசு
470,26,14,3,இயேசுவைக் காட்டிக் கொடுக்க யூதாஸ் உடன்படுதல்
470,26,17,4,சீடர்களுடன் பஸ்கா என்ற விருந்து
470,26,31,5,பேதுரு மறுதலிக்கப் போவதை இயேசு முன் அறிவித்தல்
470,26,36,6,கெத்செமனேயில் இயேசு
470,26,47,7,இயேசு கைதுசெய்யப்படுதல்
470,26,57,8,நீதிமன்றத்தில் இயேசு
470,26,69,9,பேதுரு இயேசுவை மறுதலித்தல்
470,27,1,1,யூதாஸின் தற்கொலை
470,27,11,2,பிலாத்துவுக்கு முன் இயேசு
470,27,27,3,படைவீரர்கள் இயேசுவை ஏளனம் செய்தல்
470,27,32,4,இயேசுவை சிலுவையில் அறைதல்
470,27,45,5,இயேசுவின் மரணம்
470,27,57,6,இயேசுவை அடக்கம் செய்தல்
470,27,62,7,கல்லறைக்கு காவல்
470,28,1,1,இயேசு உயிர்த்தெழுதல்
470,28,11,2,காவலாளரின் அறிக்கை
470,28,16,3,முக்கிய பொறுப்பை ஒப்படைத்தல்
480,1,1,1,யோவான் ஸ்நானகன் வழியை ஆயத்தப்படுத்துதல்
480,1,9,2,இயேசுவின் திருமுழுக்கும் சோதிக்கப்படுதலும்
480,1,14,3,இயேசு நற்செய்தி அறிவித்தல்
480,1,16,4,இயேசு தனது முதல் சீடர்களை அழைத்தல்
480,1,21,5,இயேசு தீய ஆவியைத் துரத்துதல்
480,1,29,6,இயேசு அநேகரைக் குணமாக்குதல்
480,1,35,7,இயேசு தனிமையான இடத்தில் மன்றாடுதல்
480,1,40,8,இயேசு குஷ்டவியாதி உடையவனை குணப்படுத்துதல்
480,2,1,1,இயேசு முடக்குவாதக்காரனைக் குணப்படுத்துதல்
480,2,13,2,இயேசு லேவியை அழைத்தல்
480,2,18,3,உபவாசத்தைப் பற்றி இயேசுவிடம் கேள்வி
480,2,23,4,இயேசு ஓய்வுநாளின் கர்த்தர்
480,3,1,1,இயேசு யூதருடைய ஓய்வுநாளில் குணப்படுத்துதல்
480,3,7,2,மக்கள் கூட்டம் இயேசுவைப் பின்பற்றுதல்
480,3,13,3,இயேசு அப்போஸ்தலர்களை நியமித்தல்
480,3,20,4,இயேசுவும் பெயல்செபூலும்
480,4,1,1,விதை விதைக்கிறவனைப் பற்றிய உவமை
480,4,21,2,தாங்கியின் மேல் விளக்கு
480,4,26,3,வளரும் விதையின் உவமை
480,4,30,4,கடுகு விதையின் உவமை
480,4,35,5,இயேசு புயலை அடக்குதல்
480,5,1,1,பிசாசு பிடித்த மனிதன் சுகமடைதல்
480,5,21,2,இயேசு சிறுமியை உயிர்ப்பித்தலும் வியாதியுள்ளவளைக் குணமாக்குதலும்
480,6,1,1,மதிப்புப் பெறாத இறைவாக்கினர்
480,6,7,2,இயேசு பன்னிரெண்டு சீடர்களையும் அனுப்புதல்
480,6,14,3,யோவான் ஸ்நானகனின் தலைத் துண்டிக்கப்படுதல்
480,6,30,4,இயேசு ஐயாயிரம் பேருக்கு உணவு கொடுத்தல்
480,6,45,5,இயேசு தண்ணீரின்மேல் நடத்தல்
480,7,1,1,சுத்தமும் அசுத்தமும்
480,7,24,2,சீரோபேனிக்கியாப் பெண்ணின் விசுவாசம்
480,7,31,3,செவிடும் ஊமையுமான மனிதன் சுகமடைதல்
480,8,1,1,இயேசு நாலாயிரம் பேருக்கு உணவு கொடுத்தல்
480,8,14,2,புளிப்பூட்டும் பொருளாகிய பரிசேயரும் ஏரோதும்
480,8,22,3,பெத்சாயிதாவில் குருடன் பார்வையடைதல்
480,8,27,4,கிறிஸ்துவைப் பற்றி பேதுரு அறிக்கையிடுதல்
480,8,31,5,இயேசு தமது மரணத்தை முன்னறிவித்தல்
480,8,34,6,சிலுவைப் பாதை
480,9,2,1,இயேசு மறுரூபமாகுதல்
480,9,14,2,தீய ஆவி பிடித்த சிறுவன் சுகமடைதல்
480,9,30,3,இயேசு தமது மரணத்தைப்பற்றி இரண்டாம் முறை முன்னறிவித்தல்
480,9,38,4,"நமக்கு விரோதமாய் இல்லாதவன், நமக்குச் சாதகமாக இருக்கிறான்"
480,9,42,5,பாவத்தில் விழப்பண்ணுதல்
480,10,1,1,விவாகரத்தைப் பற்றிய விவாதம்
480,10,13,2,சிறுபிள்ளைகளும் இயேசுவும்
480,10,17,3,செல்வந்தனும் இறைவனுடைய அரசும்
480,10,32,4,இயேசு மீண்டும் தமது மரணத்தைப் பற்றிக் கூறுதல்
480,10,35,5,யாக்கோபு யோவானின் வேண்டுகோள்
480,10,46,6,பர்த்திமேயு என்ற குருடன் பார்வை அடைதல்
480,11,1,1,இயேசு எருசலேமுக்கு அரசனாக வருகிறார்
480,11,12,2,"இயேசு அத்தி மரத்தைச் சபித்தலும், ஆலயத்தைச் சுத்திகரித்தலும்"
480,11,27,3,இயேசுவின் அதிகாரத்தைக் குறித்துக் கேள்வி கேட்டல்
480,12,1,1,குத்தகைக்காரனின் உவமை
480,12,13,2,ரோம பேரரசனுக்கு வரி
480,12,18,3,உயிர்த்தெழுதல் பற்றிய கேள்வி
480,12,28,4,மிக முக்கிய கட்டளை
480,12,35,5,கிறிஸ்து யாருடைய மகன்?
480,12,38,6,மோசேயின் சட்ட ஆசிரியரைக் குறித்து எச்சரிக்கை
480,12,41,7,விதவையின் காணிக்கை
480,13,1,1,இந்த உலக முடிவின் அடையாளங்கள்
480,13,32,2,நாளும் நேரமும் அறியப்படாதவை
480,14,1,1,இயேசுவுக்கு வாசனைத் தைலம் ஊற்றுதல்
480,14,12,2,கர்த்தருடைய பஸ்கா என்ற விருந்து
480,14,27,3,பேதுருவின் மறுதலிப்பு முன்னறிவிக்கப்படுதல்
480,14,32,4,கெத்சமனே பூங்கா
480,14,43,5,இயேசு கைதுசெய்யப்படுதல்
480,14,53,6,ஆலோசகரின் முன் இயேசு
480,14,66,7,பேதுரு இயேசுவை மறுதலித்தல்
480,15,1,1,பிலாத்துவின் முன் இயேசு
480,15,16,2,போர்வீரர்கள் இயேசுவை பரிகாசம் செய்தல்
480,15,21,3,இயேசு சிலுவையில் அறையப்படுதல்
480,15,33,4,இயேசுவின் மரணம்
480,15,42,5,இயேசுவின் அடக்கம்
480,16,1,1,இயேசுவின் உயிர்த்தெழுதல்
490,1,1,1,முகவுரை
490,1,5,2,யோவானின் பிறப்பின் முன்னறிவிப்பு
490,1,26,3,இயேசுவின் பிறப்பை முன்னறிவித்தல்
490,1,39,4,மரியாள் எலிசபெத்தை சந்தித்தல்
490,1,46,5,மரியாளின் பாடல்
490,1,57,6,யோவான் ஸ்நானகனின் பிறப்பு
490,1,67,7,சகரியாவின் பாடல்
490,2,1,1,இயேசுவின் பிறப்பு
490,2,22,2,இயேசுவை ஆலயத்துக்குக் கொண்டுவருதல்
490,2,41,3,ஆலயத்தில் சிறுவன் இயேசு
490,3,1,1,யோவான் ஸ்நானகன் வழியை ஆயத்தம் செய்வது
490,3,21,2,இயேசுவின் திருமுழுக்கும் வம்ச வரலாறும்
490,4,1,1,இயேசுவின் சோதனை
490,4,14,2,இயேசு நாசரேத்தில் புறக்கணிக்கப்படுதல்
490,4,31,3,இயேசு தீய ஆவியைத் துரத்துதல்
490,4,38,4,இயேசு அநேகரைச் சுகப்படுத்துதல்
490,5,1,1,முதல் சீடன் அழைக்கப்படுதல்
490,5,12,2,குஷ்டவியாதி உள்ள ஒருவன்
490,5,17,3,இயேசு முடவனை சுகப்படுத்தியது
490,5,27,4,லேவியின் அழைப்பு
490,5,33,5,உபவாசத்தைப் பற்றிய கேள்வி
490,6,1,1,ஓய்வுநாளின் ஆண்டவர்
490,6,12,2,பன்னிரெண்டு அப்போஸ்தலர்கள்
490,6,17,3,ஆசீர்வாதங்களும் கேடுகளும்
490,6,27,4,பகைவரில் அன்பு
490,6,37,5,நியாயத்தீர்ப்பு வழங்குதல்
490,6,43,6,மரமும் அதன் பழமும்
490,6,46,7,ஞானியும் மூடனும்
490,7,1,1,நூற்றுக்குத் தலைவனின் விசுவாசம்
490,7,11,2,விதவையின் மகன்
490,7,18,3,இயேசுவும் யோவான் ஸ்நானகனும்
490,7,36,4,பாவியான பெண் இயேசுவுக்கு பரிமளதைலம் பூசுதல்
490,8,1,1,விதைக்கிறவனின் உவமை
490,8,16,2,தண்டின்மேல் வைக்கப்பட்ட விளக்கு
490,8,19,3,இயேசுவின் தாயும் சகோதரர்களும்
490,8,22,4,இயேசு புயலை அடக்குதல்
490,8,26,5,பிசாசு பிடித்தவன் சுகமடைதல்
490,8,40,6,இறந்த சிறுமியும் நோயுற்ற பெண்ணும்
490,9,1,1,இயேசு பன்னிரெண்டு பேர்களை அனுப்புதல்
490,9,10,2,இயேசு ஐயாயிரம் பேருக்கு உணவு கொடுத்தல்
490,9,18,3,பேதுருவின் அறிக்கை
490,9,21,4,இயேசு தமது மரணத்தைக் குறித்து அறிவித்தல்
490,9,28,5,இயேசு மறுரூபமடைதல்
490,9,37,6,தீய ஆவி பிடித்த சிறுவனை இயேசு குணப்படுத்தியது
490,9,44,7,இயேசு தமது மரணத்தைக் குறித்து இரண்டாம் முறை முன் அறிவித்தல்
490,9,51,8,சமாரியர்கள் எதிர்ப்பு
490,9,57,9,இயேசுவைப் பின்பற்றுவதற்கு வேண்டிய கிரயம்
490,10,1,1,இயேசு சீடர்களை அனுப்புதல்
490,10,25,2,நல்ல சமாரியன் உவமை
490,10,38,3,"மார்த்தாள், மரியாள்"
490,11,1,1,மன்றாட்டைக் குறித்து இயேசுவின் போதனை
490,11,14,2,இயேசுவும் பெயெல்செபூலும்
490,11,29,3,யோனாவின் அடையாளம்
490,11,33,4,உடலின் விளக்கு
490,11,37,5,மதத்தலைவர்கள் கண்டிக்கப்படுதல்
490,12,1,1,எச்சரிப்புகளும் புத்திமதிகளும்
490,12,13,2,மூடனான பணக்காரனின் கதை
490,12,22,3,கவலைப்பட வேண்டாம்
490,12,35,4,விழிப்பாயிருங்கள்
490,12,49,5,சமாதானத்தை அல்ல பிரிவினையே
490,12,54,6,காலங்களைப்பற்றிய விளக்கம்
490,13,1,1,மனம் மாறாவிட்டால் அழிவு
490,13,10,2,கூனியான பெண் சுகமடைதல்
490,13,18,3,கடுகு விதை
490,13,22,4,இடுக்கமான வாசல்
490,13,31,5,எருசலேமுக்கான இயேசுவின் அனுதாபம்
490,14,1,1,பரிசேயனின் வீட்டில் இயேசு
490,14,15,2,பெரிய விருந்தின் உவமை
490,14,25,3,சீடனாவதற்கான விலைக்கிரயம்
490,15,1,1,காணாமல் போன ஆடு
490,15,8,2,காணாமல் போன நாணயம்
490,15,11,3,காணாமல் போன மகனின் உவமை
490,16,1,1,தந்திரமுள்ள நிர்வாகி
490,16,16,2,கூடுதல் போதனைகள்
490,16,19,3,செல்வந்தனும் லாசருவும்
490,17,1,1,"பாவம், விசுவாசம், கடமை"
490,17,11,2,குஷ்ட வியாதியுடைய பத்துப்பேர்
490,17,20,3,இறைவனின் அரசின் வருகை
490,18,1,1,விடாமுயற்சியுள்ள விதவையின் உவமை
490,18,9,2,பரிசேயனும் வரி வசூலிப்பவனும்
490,18,15,3,சிறுபிள்ளைகளும் இயேசுவும்
490,18,18,4,பணக்காரனான ஆளுநர்
490,18,31,5,இயேசு தமது மரணத்தை முன்னறிவித்தல்
490,18,35,6,குருடன் பார்வையடைதல்
490,19,1,1,வரி வசூலிக்கும் சகேயு
490,19,11,2,பத்து நாணயங்களின் உவமை
490,19,28,3,எருசலேமில் இயேசு
490,19,45,4,ஆலயத்தில் இயேசு
490,20,1,1,இயேசுவின் அதிகாரத்தைப் பற்றி கேள்வி
490,20,9,2,விவசாயிகளின் உவமை
490,20,20,3,ரோம பேரரசனுக்கு வரி
490,20,27,4,உயிர்த்தெழுதலும் திருமணமும்
490,20,41,5,கிறிஸ்து யாருடைய மகன்
490,20,45,6,எச்சரிக்கைகள்
490,21,1,1,விதவையின் காணிக்கை
490,21,5,2,கடைசிக் காலத்தின் அடையாளங்கள்
490,22,1,1,இயேசுவை யூதாஸ் காட்டிக் கொடுத்தல்
490,22,7,2,கடைசி திருவிருந்து
490,22,39,3,ஒலிவ மலையில் இயேசுவின் மன்றாட்டு
490,22,47,4,இயேசு கைது செய்யப்படல்
490,22,54,5,பேதுரு இயேசுவை மறுதலித்தல்
490,22,63,6,காவலாளிகள் இயேசுவை பரிகாசம் செய்தல்
490,22,66,7,பிலாத்து மற்றும் ஏரோதுக்கு முன் இயேசு
490,23,26,1,இயேசு சிலுவையில் அறையப்படுல்
490,23,44,2,இயேசுவின் மரணம்
490,23,50,3,இயேசுவின் அடக்கம்
490,24,1,1,இயேசுவின் உயிர்த்தெழுதல்
490,24,13,2,எம்மாவூ கிராமத்தின் வழியில் இயேசு
490,24,36,3,இயேசு சீடர்களுக்குக் காட்சியளித்தல்
490,24,50,4,இயேசு பரலோகத்திற்குச் செல்லுதல்
500,1,1,1,வார்த்தை மனிதனாகியது
500,1,19,2,யோவான் ஸ்நானகன்
500,1,29,3,இயேசு இறைவனின் ஆட்டுக்குட்டி
500,1,35,4,இயேசுவின் முதல் சீடர்கள்
500,1,43,5,பிலிப்புவும் நாத்தான்யேலும் அழைக்கப்படுதல்
500,2,1,1,கானாவூர் திருமணம்
500,2,13,2,இயேசு ஆலயத்தைச் சுத்திகரித்தல்
500,3,1,1,மறுபிறப்பைப் பற்றிய போதனை
500,3,22,2,இயேசுவைப்பற்றிய யோவான் ஸ்நானகனின் சாட்சி
500,4,1,1,சமாரிய பெண்ணும் இயேசுவும்
500,4,27,2,இயேசுவிடம் சீடர்கள் திரும்பிவருதல்
500,4,39,3,சமாரியர் பலர் இயேசுவை விசுவாசித்தல்
500,4,43,4,அதிகாரியின் மகன் சுகமடைதல்
500,5,1,1,நோயுற்றவன் சுகமடைதல்
500,5,16,2,இறைமகனின் மூலமாய் ஜீவன்
500,5,31,3,இயேசுவைக்குறித்த சாட்சிகள்
500,6,1,1,இயேசு ஐயாயிரம் பேருக்கு உணவு கொடுத்தல்
500,6,16,2,இயேசு தண்ணீரின்மேல் நடத்தல்
500,6,25,3,இயேசுவே ஜீவ அப்பம்
500,6,60,4,சீடர்களில் பலர் இயேசுவை விட்டுவிடுதல்
500,7,1,1,கூடாரப்பண்டிகை
500,7,14,2,இயேசு பண்டிகையில் போதித்தல்
500,7,25,3,இயேசுவே கிறிஸ்துவா?
500,7,45,4,யூத தலைவர்களின் அவிசுவாசம்
500,8,12,1,இயேசுவின் சாட்சியைப் பற்றி விவாதம்
500,8,21,2,இயேசு யார் என்ற சர்ச்சை
500,8,31,3,ஆபிரகாமின் பிள்ளைகள்
500,8,48,4,தம்மைப்பற்றிய இயேசுவின் உரிமை
500,9,1,1,பிறவியிலேயே பார்வையற்றவனை இயேசு குணமாக்குதல்
500,9,13,2,பரிசேயர் குணமானதை விசாரித்தல்
500,9,35,3,ஆவிக்குரிய பார்வையற்றத் தன்மை
500,10,1,1,நல்ல மேய்ப்பனும் மந்தையும்
500,10,22,2,யூதர்களின் அவிசுவாசம்
500,11,1,1,லாசருவின் மரணம்
500,11,17,2,இரு சகோதரிகளை இயேசு ஆறுதல்படுத்துதல்
500,11,38,3,இயேசு லாசருவை எழுப்புதல்
500,11,45,4,இயேசுவைக் கொல்வதற்குச் சதி
500,12,1,1,இயேசுவின் பாதத்தில் நறுமணத் தைலம் ஊற்றுதல்
500,12,12,2,இயேசுவின் ஊர்வலம்
500,12,20,3,இயேசு தன் மரணத்தை கணித்து கூறியது
500,12,37,4,யூதர்களின் அவிசுவாசம்
500,13,1,1,இயேசு சீடர்களின் கால்களைக் கழுவுதல்
500,13,18,2,காட்டிக் கொடுக்கப்படுவதை இயேசு முன்னறிவித்தல்
500,13,31,3,பேதுரு மறுதலிப்பதை இயேசு முன்னறிவித்தல்
500,14,1,1,இயேசு தமது சீடர்களை ஆறுதல்படுத்துதல்
500,14,5,2,இயேசுவானவர் தந்தைக்கு வழி
500,14,15,3,பரிசுத்த ஆவியானவரை வாக்களித்தல்
500,15,1,1,திராட்சைக் கொடியும் கிளைகளும்
500,15,18,2,உலகம் சீடரை வெறுத்தல்
500,15,26,3,பரிசுத்த ஆவியானவரின் செயல்கள்
500,16,16,1,சீடர்களுடைய துக்கம் மகிழ்ச்சியாக மாறுதல்
500,17,1,1,இயேசு மகிமைக்காக மன்றாடுவது
500,17,6,2,சீடர்களுக்கான மன்றாட்டு
500,17,20,3,விசுவாசிகளுக்கான இயேசுவின் மன்றாட்டு
500,18,1,1,இயேசு கைதுசெய்யப்படுதல்
500,18,15,2,பேதுருவின் முதல் மறுதலிப்பு
500,18,19,3,பிரதான ஆசாரியன் முன் இயேசு
500,18,25,4,பேதுரு இரண்டாம் மூன்றாம் முறை மறுதலித்தல்
500,18,28,5,பிலாத்துவின் முன் இயேசு
500,19,1,1,இயேசுவை சிலுவையில் அறைவதற்கான தீர்ப்பு
500,19,17,2,இயேசு சிலுவையில் அறையப்படுதல்
500,19,28,3,இயேசுவின் மரணம்
500,19,38,4,இயேசுவின் அடக்கம்
500,20,1,1,வெறுமையான கல்லறை
500,20,11,2,மரியாளுக்குக் காட்சியளித்தல்
500,20,19,3,இயேசு தமது சீடருக்குக் காட்சியளித்தல்
500,20,24,4,தோமாவுக்குக் காட்சியளித்தல்
500,20,30,5,யோவான் நற்செய்தியின் நோக்கம்
500,21,1,1,கடற்கரையில் இயேசு
500,21,15,2,இயேசு பேதுருவை நிலைநிறுத்துவது
510,1,1,1,இயேசு பரலோகத்திற்கு எடுத்துக் கொள்ளப்படுதல்
510,1,12,2,மத்தியா சீடனாக தெரிந்தெடுக்கப்படுதல்
510,2,1,1,பரிசுத்த ஆவியானவர் இறங்குதல்
510,2,14,2,பேதுரு உரையாற்றுதல்
510,2,42,3,விசுவாசிகளின் ஐக்கியம்
510,3,1,1,முடவனைப் பேதுரு சுகப்படுத்துதல்
510,3,11,2,மக்களிடம் பேதுரு பேசுதல்
510,4,1,1,நீதிமன்றத்தில் பேதுருவும் யோவானும்
510,4,23,2,விசுவாசிகளின் மன்றாட்டு
510,4,32,3,சொத்துக்களைப் பகிர்ந்துகொள்ளுதல்
510,5,1,1,அனனியாவும் சப்பீராளும்
510,5,12,2,அப்போஸ்தலர் அநேகரைச் சுகப்படுத்தல்
510,5,17,3,அப்போஸ்தலர் துன்புறுத்தப்படுதல்
510,6,1,1,உதவி ஊழியர் நியமிக்கப்படுதல்
510,6,8,2,ஸ்தேவான் கைதுசெய்யப்படுதல்
510,7,1,1,ஆலோசனைச் சங்கத்தின்முன் ஸ்தேவானின் உரை
510,7,54,2,ஸ்தேவான் கல்லெறியப்படல்
510,8,2,1,திருச்சபை சிதறடிக்கப்படுதல்
510,8,4,2,சமாரியாவில் பிலிப்பு
510,8,9,3,மந்திரவாதியான சீமோன்
510,8,26,4,பிலிப்புவும் எத்தியோப்பியனும்
510,9,1,1,சவுலின் மனமாற்றம்
510,9,20,2,தமஸ்குவிலும் எருசலேமிலும் சவுல்
510,9,32,3,ஐனேயாவும் தொர்க்காளும்
510,10,1,1,பேதுருவை கொர்நேலியு அழைத்தல்
510,10,9,2,பேதுருவின் தரிசனம்
510,10,24,3,கொர்நேலியுவின் வீட்டில் பேதுரு
510,11,1,1,பேதுரு தனது செயல்களைக் குறித்து விளக்குதல்
510,11,19,2,அந்தியோகியாவில் திருச்சபை
510,12,1,1,சிறையிலிருந்து பேதுரு தப்பிய அற்புதம்
510,12,20,2,ஏரோதுவின் மரணம்
510,12,25,3,பர்னபாவும் சவுலும் அனுப்பிவிடப்படுதல்
510,13,4,1,சீப்புரு தீவிற்கு பிரயாணம்
510,13,13,2,பிசிதியாவிலுள்ள அந்தியோகியாவில் பவுல்
510,14,1,1,இக்கோனியாவில் பவுலும் பர்னபாவும்
510,14,8,2,லீஸ்திராவிலும் தெர்பையிலும் பவுலும் பர்னபாவும்
510,14,21,3,சீரியாவிலுள்ள அந்தியோகியாவில் பவுல்
510,15,1,1,எருசலேமில் ஆலோசனை மன்றம்
510,15,22,2,யூதரல்லாத விசுவாசிகளுக்கு கடிதம்
510,15,36,3,பவுலும் பர்னபாவும்
510,16,1,1,பவுல் சீலாவுடன் தீமோத்தேயு சேர்தல்
510,16,6,2,பவுலின் தரிசனம்
510,16,11,3,லிதியாவின் மனமாற்றம்
510,16,16,4,சிறையில் பவுலும் சீலாவும்
510,17,1,1,தெசலோனிக்கேயாவில் பவுலும் சீலாவும்
510,17,10,2,பெரோயாவில் பவுலும் சீலாவும்
510,17,16,3,அத்தேனேயில் பவுல்
510,18,1,1,கொரிந்துவில் பவுல்
510,18,18,2,"பிரிஸ்கில்லாள், ஆக்கில்லா, அப்பொல்லோ"
510,19,1,1,எபேசு பட்டணத்தில் பவுல்
510,19,23,2,எபேசு பட்டணத்தின் குழப்பம்
510,20,1,1,"மக்கெதோனியா, கிரேக்கம் வழியாக பவுலின் பயணம்"
510,20,7,2,ஐத்திகு உயிர் பெறுதல்
510,20,13,3,எபேசுவின் மூப்பருக்கு பிரியாவிடை
510,21,1,1,எருசலேமுக்குப் பவுலின் பிரயாணம்
510,21,17,2,எருசலேமில் பவுல்
510,21,27,3,பவுல் கைதுசெய்யப்படுதல்
510,21,37,4,மக்கள் கூட்டத்துடன் பவுல் பேசுதல்
510,22,22,1,ரோம குடிமகன் பவுல்
510,22,30,2,ஆலோசனைச் சங்கத்தின்முன் பவுல்
510,23,12,1,பவுலைக் கொலை செய்யச் சூழ்ச்சி
510,23,23,2,பவுல் செசரியாவுக்குக் கொண்டு செல்லப்படுதல்
510,24,1,1,பேலிக்ஸின் முன் பவுல்
510,25,1,1,பெஸ்துவின்முன் பவுல்
510,25,13,2,பெஸ்துவும் அகிரிப்பா அரசனும்
510,25,23,3,அகிரிப்பாவின்முன் பவுல்
510,27,1,1,பவுல் ரோம் பட்டணத்திற்குப் பயணம்
510,27,13,2,புயல் காற்று
510,27,27,3,கப்பல் உடைதல்
510,28,1,1,மாலித்தா தீவில் பவுல்
510,28,11,2,பவுல் ரோம் நகரைச் சென்றடைதல்
510,28,17,3,ரோம் நகரில் பவுல் பிரசங்கித்தல்
520,1,8,1,பவுல் ரோமுக்குப் போக ஆவல்
520,1,18,2,இறைவனின் கோபம்
520,2,1,1,இறைவனுடைய நீதியான நியாயத்தீர்ப்பு
520,2,17,2,யூதர்களும் மோசேயின் சட்டமும்
520,3,1,1,இறைவன் வாக்குமாறாதவர்
520,3,9,2,நீதிமான் ஒருவனுமில்லை
520,3,21,3,விசுவாசத்தின் மூலமாக வரும் நீதி
520,4,1,1,விசுவாசத்தினால் நீதிமானாக்கப்படுதல்
520,5,1,1,சமாதானமும் நம்பிக்கையும்
520,5,12,2,ஆதாம் மூலம் மரணம் கிறிஸ்து மூலம் வாழ்வு
520,6,1,1,கிறிஸ்துவில் வாழ்வு
520,6,15,2,நீதிக்கு அடிமைகள்
520,7,1,1,திருமண வாழ்விலிருந்து உதாரணம்
520,7,7,2,மோசேயின் சட்டம் பாவத்தை வெளிப்படுத்துகிறது
520,8,1,1,ஆவியானவரின் வழியாக வாழ்வு
520,8,18,2,வரப்போகும் மகிமை
520,8,31,3,வெற்றிமேல் வெற்றியடைபவர்கள்
520,9,1,1,இஸ்ரயேலைப் பற்றிய பவுலின் துக்கம்
520,9,6,2,இறைவனுடைய தெரிந்தெடுத்தல்
520,9,30,3,இஸ்ரயேலின் அவிசுவாசம்
520,11,1,1,இஸ்ரயேலில் மீதியானவர்கள்
520,11,11,2,ஒட்டப்பட்ட கிளைகள்
520,11,25,3,இஸ்ரயேலர்களுக்கு இரட்சிப்பு
520,11,33,4,இறைவனைப் புகழ்தல்
520,12,1,1,உயிருள்ள பலிகள்
520,12,3,2,கிறிஸ்துவின் உடலில் தாழ்மையான சேவை
520,12,9,3,அன்பு
520,13,1,1,அதிகாரிகளுக்கு கீழ்ப்படியுங்கள்
520,13,8,2,அன்பும் மோசேயின் சட்டமும்
520,13,11,3,நாள் சமீபமாயிருக்கிறது
520,14,1,1,விசுவாசத்தில் பலவீனமானவனை ஏற்றுக்கொள்ளுதல்
520,15,14,1,பவுலின் சமாதான ஊழியம்
520,15,23,2,ரோம் நகரத்திற்குப் போகத் திட்டம்
520,16,1,1,தனிப்பட்ட வாழ்த்துக்கள்
530,1,4,1,நன்றி செலுத்துதல்
530,1,10,2,திருச்சபையில் பிரிவினை
530,1,18,3,இறைவனின் வல்லமையும் ஞானமும் கிறிஸ்துவே
530,2,6,1,ஆவியானவரிடமிருந்து ஞானம்
530,3,1,1,திருச்சபையின் பிரிவுகள்
530,4,1,1,கிறிஸ்துவின் அப்போஸ்தலர்
530,4,14,2,பவுலின் முறையீடும் எச்சரிக்கையும்
530,5,1,1,முறைகேடான சகோதரன்
530,6,1,1,விசுவாசிகளுக்குள்ளே வழக்குகள்
530,6,12,2,முறைகேடான பாலுறவு
530,7,1,1,திருமணம்
530,7,17,2,நிலைமாற்றம் குறித்தது
530,7,25,3,திருமணமாகாதவர் குறித்து
530,8,1,1,பலியிடப்பட்ட உணவு
530,9,1,1,அப்போஸ்தலரின் உரிமைகள்
530,9,19,2,பவுலுக்கு தன் சுதந்திரத்தின் பயன்
530,9,24,3,சுயஒழுக்கம் அவசியம்
530,10,1,1,இஸ்ரயேலின் சரித்திரத்திலிருந்து எச்சரிக்கை
530,10,14,2,விக்கிரக வழிபாடு
530,10,23,3,விசுவாசிகளின் சுதந்திரம்
530,11,2,1,வழிபாடு
530,11,17,2,கர்த்தரின் திருவிருந்து
530,12,1,1,ஆவிக்குரிய நன்கொடைகள்
530,12,12,2,ஒரு உடல் பல உறுப்புகள்
530,13,1,1,அன்பு
530,14,1,1,இறைவாக்கும் பல்வகையான வேற்று மொழிகளும்
530,14,26,2,ஒழுங்கு முறையான வழிபாடு
530,15,1,1,கிறிஸ்துவின் உயிர்த்தெழுதல்
530,15,12,2,இறந்தோரின் உயிர்த்தெழுதல்
530,15,35,3,உயிர்த்தெழுந்த உடல்
530,16,1,1,விசுவாசிகளுக்கான காணிக்கை சேகரிப்பு
530,16,5,2,தனிப்பட்ட வேண்டுகோள்
530,16,19,3,கடைசி வாழ்த்துதல்
540,1,3,1,ஆறுதலின் இறைவன்
540,1,12,2,பவுல் திட்டங்களை மாற்றுதல்
540,2,5,1,பாவிக்கு மன்னிப்பு
540,2,12,2,புது உடன்படிக்கையின் ஊழியர்
540,3,7,1,புது உடன்படிக்கையின் மகிமை
540,4,1,1,மண் சாடியில் திரவியம்
540,5,1,1,நமது பரலோகக் குடியிருப்பு
540,5,11,2,ஒப்புரவாக்கும் ஊழியம்
540,6,3,1,பவுலின் கஷ்டங்கள்
540,6,14,2,அவிசுவாசிகளோடு பிணைக்கப்பட வேண்டாம்
540,7,2,1,பவுலின் மகிழ்ச்சி
540,8,1,1,தாராள மனதுடையவருக்கு ஊக்குவிப்பு
540,8,16,2,கொரிந்துவில் தீத்து
540,9,6,1,தாராளமாய் விதைத்தல்
540,10,1,1,பவுலின் ஊழியம்
540,11,1,1,பவுலும் பொய் அப்போஸ்தலரும்
540,11,16,2,பவுலின் பெருமைபாராட்டுதல்
540,12,1,1,பவுலின் தரிசனம்
540,12,11,2,கொரிந்தியரில் பவுலின் அக்கறை
540,13,1,1,கடைசி எச்சரிப்புகள்
540,13,11,2,கடைசி வாழ்த்துதல்
550,1,6,1,வேறு நற்செய்தி இல்லை
550,1,11,2,இறைவனால் அழைக்கப்பட்ட பவுல்
550,2,1,1,பவுல் அப்போஸ்தலர்களால் ஏற்றுக்கொள்ளப்படுதல்
550,2,11,2,பவுல் கேபாவை எதிர்த்தல்
550,3,1,1,விசுவாசமும் மோசேயின் சட்டமும்
550,3,15,2,மோசேயின் சட்டமும் வாக்குத்தத்தமும்
550,3,23,3,இறைவனின் பிள்ளைகள்
550,4,8,1,கலாத்தியர்களைக் குறித்த அக்கறை
550,4,21,2,ஆகாரும் சாராளும்
550,5,1,1,கிறிஸ்துவில் சுதந்திரம்
550,5,13,2,ஆவியானவரால் வரும் வாழ்வு
550,6,1,1,எல்லோருக்கும் நன்மை செய்தல்
550,6,11,2,புதிய படைப்பே முக்கியம்
560,1,3,1,கிறிஸ்துவில் ஆசீர்வாதங்கள்
560,1,15,2,நன்றி செலுத்துதலும் மன்றாடுதலும்
560,2,1,1,கிறிஸ்துவில் உயிர் பெறுதல்
560,2,11,2,யூதரும் யூதரல்லாதவரும் கிறிஸ்துவினால் இணைக்கப்படுதல்
560,3,1,1,யூதரல்லாதவர்களின் பிரசங்கியாளனான பவுல்
560,3,14,2,எபேசியருக்கான மன்றாட்டு
560,4,1,1,கிறிஸ்துவின் உடலில் ஐக்கியம்
560,4,17,2,ஒளியின் பிள்ளைகளாக வாழ்வது
560,5,21,1,கிறிஸ்தவ குடும்பத்திற்கான அறிவுரைகள்
560,6,10,1,இறைவனின் போர்க்கவசம்
560,6,21,2,கடைசி வாழ்த்துதல்
570,1,3,1,ஜெபமும் நன்றி செலுத்துதலும்
570,1,12,2,சிறையில் பவுல்
570,1,27,3,நற்செய்திக்கு ஏற்ற வாழ்க்கை
570,2,1,1,கிறிஸ்துவின் தாழ்மை
570,2,12,2,முறுமுறுப்பில்லாமல் எல்லாவற்றையும் செய்யுங்கள்
570,2,19,3,தீமோத்தேயுவும் எப்பாப்பிராத்துவும்
570,3,1,1,மாம்ச இயல்பில் மனவுறுதி வேண்டாம்
570,3,15,2,பவுலின் முன்மாதிரியை பின்பற்றுதல்
570,4,1,1,ஒற்றுமையாக நிலைத்திருக்க அழைப்பு
570,4,4,2,கடைசி புத்திமதிகள்
570,4,10,3,அவர்களுடைய கொடைகளுக்கு நன்றி
570,4,21,4,கடைசி வாழ்த்துதல்
580,1,3,1,நன்றி செலுத்துதலும் மன்றாட்டும்
580,1,15,2,கிறிஸ்துவின் முதன்மை நிலை
580,1,24,3,திருச்சபைக்குப் பவுலின் பணி
580,2,6,1,கிறிஸ்துவின் மூலமாக வாழ்வு
580,2,16,2,மனித விதிகளிலிருந்து சுதந்திரம்
580,3,1,1,பரிசுத்த வாழ்வுக்கு நிபந்தனைகள்
580,3,18,2,குடும்பத்திற்கான ஒழுங்குவிதிகள்
580,4,2,1,அறிவுறுத்தல்கள்
580,4,7,2,கடைசி வாழ்த்துக்கள்
590,1,2,1,தெசலோனிக்கேயருக்கு நன்றி செலுத்துதல்
590,2,1,1,தெசலோனிக்கேயாவில் பவுலின் ஊழியம்
590,2,17,2,தெசலோனிக்கேயரைக் காண பவுலின் வாஞ்சை
590,3,6,1,தீமோத்தேயுவின் அறிக்கை
590,4,1,1,இறைவனைப் பிரியப்படுத்தும் வாழ்வு
590,4,13,2,கர்த்தரின் வருகை
590,5,1,1,கர்த்தருடைய நாள்
590,5,12,2,கடைசி அறிவுறுத்தல்
600,1,3,1,நன்றியும் மன்றாட்டும்
600,2,1,1,அக்கிரம மனிதன்
600,2,13,2,உறுதியாய் நில்லுங்கள்
600,3,1,1,மன்றாட்டுக்கான வேண்டுகோள்
600,3,6,2,சோம்பலுக்கு எச்சரிக்கை
600,3,16,3,கடைசி வாழ்த்துதல்
610,1,3,1,பொய்யான மோசேயின் சட்ட ஆசிரியர்
610,1,12,2,பவுலுக்கு கர்த்தரின் கிருபை
610,1,18,3,புதுப்பிக்கப்பட்ட தீமோத்தேயுவின் பொறுப்பு
610,2,1,1,வழிபாடுபற்றிய அறிவுரை
610,3,1,1,மேற்பார்வையாளரின் பண்புகள்
610,3,14,2,பவுலின் அறிவுறுத்தல்களுக்கான காரணங்கள்
610,5,1,1,புத்திமதிகள்
610,6,3,1,கள்ளப் போதகர்களும் பண ஆசையும்
610,6,11,2,தீமோத்தேயுவுக்குப் பவுலின் கட்டளை
620,1,3,1,நன்றி செலுத்துதல்
620,1,6,2,பவுலுக்கும் நற்செய்திக்கும் உண்மையாயிருக்க வேண்டுதல்
620,1,15,3,உண்மைக்கும் உண்மையின்மைக்கும் மாதிரிகள்
620,2,1,1,புதுப்பிக்கப்பட்ட வேண்டுதல்
620,2,14,2,இறைவனுக்கேற்ற வேலையாள்
620,3,10,1,தீமோத்தேயுவுக்கு பொறுப்பு
620,4,9,1,பவுலின் அறிவுரை
620,4,19,2,கடைசி வாழ்த்துதல்
630,1,5,1,தீத்துவின் வேலை
630,1,10,2,நன்மை செய்யத் தவறியவர்களை கண்டித்தல்
630,2,1,1,போதிக்கப்பட வேண்டியவை
630,3,1,1,நன்மைசெய்ய ஆலோசனைகள்
630,3,12,2,கடைசி வாழ்த்து
640,1,4,1,நன்றி செலுத்தலும் ஜெபமும்
640,1,8,2,ஒநேசிமுக்காக பவுலின் வேண்டுகோள்
650,1,1,1,இறைவனின் கடைசி வார்த்தை: அவருடைய மகன்
650,1,5,2,மகன் இறைத்தூதர்களிலும் மேன்மையானவர்
650,2,1,1,கவனமாய் பற்றிக்கொள்ள எச்சரிக்கை.
650,2,5,2,இயேசு பூரண மானிடர்
650,3,1,1,இயேசு மோசேயிலும் பெரியவர்
650,3,7,2,அவிசுவாசத்துக்கு எதிரான எச்சரிக்கை
650,4,1,1,இறைவனுடைய மக்களுக்கான ஓய்வு
650,4,14,2,இயேசுவே பிரதான ஆசாரியர்
650,5,11,1,வழிவிலகாதிருக்க எச்சரிக்கை
650,6,13,1,இறைவனுடைய வாக்குத்தத்தத்தின் நிச்சயம்
650,7,1,1,மெல்கிசேதேக் ஆபிரகாமிலும் பெரியவர்
650,7,11,2,இயேசு மெல்கிசேதேக்கைப் போன்றவர்
650,8,1,1,புதிய உடன்படிக்கையின் பிரதான ஆசாரியர்
650,9,1,1,இவ்வுலகிற்குரிய கூடாரத்தில் வழிபாடு
650,9,11,2,கிறிஸ்துவின் இரத்தம்
650,10,1,1,கிறிஸ்து ஒரேமுறை பலியானார்
650,10,19,2,விடாமுயற்சிக்கு அழைப்பு
650,11,1,1,விசுவாசம்
650,12,4,1,இறைவன் தமது மக்களைத் திருத்துகிறார்
650,12,14,2,எச்சரிப்பும் உற்சாகமும்
650,12,18,3,பயமலையும் மகிழ்மலையும்
650,13,1,1,முடிவு அறிவுறுத்தல்கள்
650,13,20,2,முடிவுரையும் இறுதி வாழ்த்துக்களும்
660,1,2,1,சோதனைகள்
660,1,19,2,கேட்டலும் செயல்படுலும்
660,2,1,1,பாரபட்சம் தவிர்க்கப்பட வேண்டும்
660,2,14,2,விசுவாசமும் நடைமுறையும்
660,3,1,1,நாவை அடக்குதல்
660,3,13,2,இரண்டுவிதமான ஞானம்
660,4,1,1,இறைவனுக்குப் பணிந்திருத்தல்
660,4,13,2,நாளையைக் குறித்த வீண்பெருமை
660,5,1,1,ஒடுக்கும் செல்வந்தருக்கு எச்சரிக்கை
660,5,7,2,துன்பத்தில் பொறுமை
660,5,13,3,விசுவாசமுள்ள மன்றாட்டு
670,1,3,1,உயிருள்ள நம்பிக்கைக்காக இறைவனுக்குத் துதி
670,1,13,2,பரிசுத்தராயிருங்கள்
670,2,4,1,உயிருள்ள கல்லும் தெரிந்துகொள்ளப்பட்ட மக்களும்
670,2,11,2,இறைவனை அறியாத மக்கள் மத்தியில் நல்ல வாழ்க்கை வாழ்வது
670,3,8,1,நல்லவை செய்வதால் துன்பம்
670,4,1,1,இறைவனுக்காக வாழ்வது
670,4,12,2,கிறிஸ்துவுக்காக துன்பம்
670,5,1,1,திருச்சபை மூப்பருக்கும் இளைஞருக்கும்
670,5,12,2,கடைசி வாழ்த்துதல்கள்
680,1,3,1,இறைவனுடைய அழைப்பின் நிச்சயம்
680,1,12,2,வேதவசனத்தின் இறைவாக்கு
680,2,1,1,கள்ளப் போதகர்களும் அவர்களின் அழிவும்
680,3,1,1,கர்த்தருடைய நாள்
690,1,1,1,வாழ்வாகிய வார்த்தை
690,1,5,2,வெளிச்சத்தில் நடத்தல்
690,2,3,1,உடன் விசுவாசிகள் மீதான அன்பும் வெறுப்பும்
690,2,12,2,எழுதுவதற்கான காரணம்
690,2,15,3,உலகத்தை நேசிக்க வேண்டாம்
690,2,18,4,கிறிஸ்து விரோதிகள்
690,2,28,5,இறைவனின் பிள்ளைகள்
690,3,11,1,ஒருவரில் ஒருவர் அன்பாயிருத்தல்
690,4,1,1,ஆவிகளைப் பகுத்தறிதல்
690,4,7,2,இறைவனின் அன்பு
690,5,1,1,இறைவனுடைய மகனில் விசுவாசம்
690,5,13,2,கடைசிக் குறிப்பு
720,1,3,1,இறை பக்தியற்றவர்களுக்குத் தண்டனை
720,1,17,2,விடாமுயற்சிக்கு அழைப்பு
720,1,24,3,இறைவனைப் புகழ்தல்
730,1,1,1,முன்னுரை
730,1,4,2,ஏழு திருச்சபைகளை வாழ்த்துவதும் இறைவனைப் புகழ்வதும்
730,1,9,3,யோவானுக்கு உண்டான தரிசனம்
730,2,1,1,எபேசு திருச்சபைக்கு
730,2,8,2,சிமிர்னா திருச்சபைக்கு
730,2,12,3,பெர்கமு திருச்சபைக்கு
730,2,18,4,தியத்தீரா திருச்சபைக்கு
730,3,1,1,சர்தையிலுள்ள திருச்சபைக்கு
730,3,7,2,பிலதெல்பியா திருச்சபைக்கு
730,3,14,3,லவோதிக்கேயா திருச்சபைக்கு
730,4,1,1,பரலோகத்தில் அரியணை
730,5,1,1,ஆட்டுக்குட்டியானவர்
730,6,1,1,முத்திரைகள்‍
730,7,1,1,"முத்திரையிடப்பட்டவர்கள் 144,000"
730,7,9,2,வெள்ளை அங்கி உடுத்தியவர்கள்
730,8,1,1,ஏழாவது முத்திரையும் தூபக்கிண்ணமும்
730,8,6,2,எக்காளங்கள்
730,10,1,1,இறைத்தூதனும் சிறிய புத்தகச் சுருளும்
730,11,1,1,இரண்டு சாட்சிகள்
730,11,15,2,ஏழாவது எக்காளம்
730,12,1,1,பெண்ணும் இராட்சதப் பாம்பும்
730,13,2,1,கடலில் இருந்து வெளியேறும் மிருகம்
730,13,11,2,பூமியிலிருந்து வெளியேவரும் மிருகம்
730,14,1,1,சீயோன் மலையில் ஆட்டுக்குட்டியானவர்
730,14,6,2,மூன்று இறைத்தூதர்
730,14,14,3,பூமியின் அறுவடை
730,15,1,1,ஏழு வாதைகளுடன் ஏழு தூதர்கள்
730,16,1,1,இறைவனின் கோபத்தின் ஏழு கிண்ணங்கள்
730,17,1,1,மாபெரும் வேசி
730,18,1,1,பாபிலோனின் வீழ்ச்சி
730,18,4,2,பாபிலோனின் தீர்ப்புக்கு தப்பிக்க எச்சரிக்கை
730,18,9,3,பாபிலோனின் வீழ்ச்சி
730,18,21,4,பாபிலோனின் தண்டனை
730,19,1,1,அல்லேலூயா!
730,19,11,2,வெள்ளைக்குதிரையின் மேல் அமர்ந்திருக்கிறவர்
730,20,1,1,ஆயிரம் வருட ஆட்சி
730,20,7,2,சாத்தானின் தோல்வி
730,20,11,3,இறுதி நியாயத்தீர்ப்பு
730,21,1,1,புதிய எருசலேம்
730,21,9,2,புதிய எருசலேமும் ஆட்டுக்குட்டியானவரின் மணவாட்டியும்
730,22,1,1,வாழ்வு தரும் ஆறு
730,22,6,2,யோவானும் இறைவனின் தூதனும்
730,22,12,3,அழைப்பும் எச்சரிக்கையும்
