[
    {
        "book_color": "#ccccff",
        "book_number": 10,
        "long_name": "ஆதி",
        "short_name": "ஆதி",
        "sorting_order": 100
    },
    {
        "book_color": "#ccccff",
        "book_number": 20,
        "long_name": "யாத்",
        "short_name": "யாத்",
        "sorting_order": 200
    },
    {
        "book_color": "#ccccff",
        "book_number": 30,
        "long_name": "லேவி",
        "short_name": "லேவி",
        "sorting_order": 300
    },
    {
        "book_color": "#ccccff",
        "book_number": 40,
        "long_name": "எண்",
        "short_name": "எண்",
        "sorting_order": 400
    },
    {
        "book_color": "#ccccff",
        "book_number": 50,
        "long_name": "உபா",
        "short_name": "உபா",
        "sorting_order": 500
    },
    {
        "book_color": "#ffcc99",
        "book_number": 60,
        "long_name": "யோசு",
        "short_name": "யோசு",
        "sorting_order": 600
    },
    {
        "book_color": "#ffcc99",
        "book_number": 70,
        "long_name": "நியா",
        "short_name": "நியா",
        "sorting_order": 700
    },
    {
        "book_color": "#ffcc99",
        "book_number": 80,
        "long_name": "ரூத்",
        "short_name": "ரூத்",
        "sorting_order": 800
    },
    {
        "book_color": "#ffcc99",
        "book_number": 90,
        "long_name": "1 சாமு",
        "short_name": "1சாமு",
        "sorting_order": 900
    },
    {
        "book_color": "#ffcc99",
        "book_number": 100,
        "long_name": "2 சாமு",
        "short_name": "2சாமு",
        "sorting_order": 1000
    },
    {
        "book_color": "#ffcc99",
        "book_number": 110,
        "long_name": "1 இராஜா",
        "short_name": "1இராஜா",
        "sorting_order": 1100
    },
    {
        "book_color": "#ffcc99",
        "book_number": 120,
        "long_name": "2 இராஜா",
        "short_name": "2இராஜா",
        "sorting_order": 1200
    },
    {
        "book_color": "#ffcc99",
        "book_number": 130,
        "long_name": "1 நாளா",
        "short_name": "1நாளா",
        "sorting_order": 1300
    },
    {
        "book_color": "#ffcc99",
        "book_number": 140,
        "long_name": "2 நாளா",
        "short_name": "2நாளா",
        "sorting_order": 1400
    },
    {
        "book_color": "#ffcc99",
        "book_number": 150,
        "long_name": "எஸ்றா",
        "short_name": "எஸ்றா",
        "sorting_order": 1500
    },
    {
        "book_color": "#ffcc99",
        "book_number": 160,
        "long_name": "நெகே",
        "short_name": "நெகே",
        "sorting_order": 1600
    },
    {
        "book_color": "#ffcc99",
        "book_number": 190,
        "long_name": "எஸ்த",
        "short_name": "எஸ்த",
        "sorting_order": 1700
    },
    {
        "book_color": "#66ff99",
        "book_number": 220,
        "long_name": "யோபு",
        "short_name": "யோபு",
        "sorting_order": 1800
    },
    {
        "book_color": "#66ff99",
        "book_number": 230,
        "long_name": "சங்",
        "short_name": "சங்",
        "sorting_order": 1900
    },
    {
        "book_color": "#66ff99",
        "book_number": 240,
        "long_name": "நீதி",
        "short_name": "நீதி",
        "sorting_order": 2000
    },
    {
        "book_color": "#66ff99",
        "book_number": 250,
        "long_name": "பிரச",
        "short_name": "பிரச",
        "sorting_order": 2100
    },
    {
        "book_color": "#66ff99",
        "book_number": 260,
        "long_name": "உன்",
        "short_name": "உன்",
        "sorting_order": 2200
    },
    {
        "book_color": "#ff9fb4",
        "book_number": 290,
        "long_name": "ஏசா",
        "short_name": "ஏசா",
        "sorting_order": 2300
    },
    {
        "book_color": "#ff9fb4",
        "book_number": 300,
        "long_name": "எரே",
        "short_name": "எரே",
        "sorting_order": 2400
    },
    {
        "book_color": "#ff9fb4",
        "book_number": 310,
        "long_name": "புலம்",
        "short_name": "புலம்",
        "sorting_order": 2500
    },
    {
        "book_color": "#ff9fb4",
        "book_number": 330,
        "long_name": "எசேக்",
        "short_name": "எசேக்",
        "sorting_order": 2600
    },
    {
        "book_color": "#ff9fb4",
        "book_number": 340,
        "long_name": "தானி",
        "short_name": "தானி",
        "sorting_order": 2700
    },
    {
        "book_color": "#ffff99",
        "book_number": 350,
        "long_name": "ஓசியா",
        "short_name": "ஓசியா",
        "sorting_order": 2800
    },
    {
        "book_color": "#ffff99",
        "book_number": 360,
        "long_name": "யோவேல்",
        "short_name": "யோவே",
        "sorting_order": 2900
    },
    {
        "book_color": "#ffff99",
        "book_number": 370,
        "long_name": "ஆமோ",
        "short_name": "ஆமோ",
        "sorting_order": 3000
    },
    {
        "book_color": "#ffff99",
        "book_number": 380,
        "long_name": "ஒபதி",
        "short_name": "ஒபதி",
        "sorting_order": 3100
    },
    {
        "book_color": "#ffff99",
        "book_number": 390,
        "long_name": "யோனா",
        "short_name": "யோனா",
        "sorting_order": 3200
    },
    {
        "book_color": "#ffff99",
        "book_number": 400,
        "long_name": "மீகா",
        "short_name": "மீகா",
        "sorting_order": 3300
    },
    {
        "book_color": "#ffff99",
        "book_number": 410,
        "long_name": "நாகூ",
        "short_name": "நாகூ",
        "sorting_order": 3400
    },
    {
        "book_color": "#ffff99",
        "book_number": 420,
        "long_name": "ஆப",
        "short_name": "ஆப",
        "sorting_order": 3500
    },
    {
        "book_color": "#ffff99",
        "book_number": 430,
        "long_name": "செப்ப",
        "short_name": "செப்ப",
        "sorting_order": 3600
    },
    {
        "book_color": "#ffff99",
        "book_number": 440,
        "long_name": "ஆகாய்",
        "short_name": "ஆகாய்",
        "sorting_order": 3700
    },
    {
        "book_color": "#ffff99",
        "book_number": 450,
        "long_name": "சகரி",
        "short_name": "சகரி",
        "sorting_order": 3800
    },
    {
        "book_color": "#ffff99",
        "book_number": 460,
        "long_name": "மல்கி",
        "short_name": "மல்கி",
        "sorting_order": 3900
    },
    {
        "book_color": "#ff6600",
        "book_number": 470,
        "long_name": "மத்",
        "short_name": "மத்",
        "sorting_order": 4000
    },
    {
        "book_color": "#ff6600",
        "book_number": 480,
        "long_name": "மாற்",
        "short_name": "மாற்",
        "sorting_order": 4100
    },
    {
        "book_color": "#ff6600",
        "book_number": 490,
        "long_name": "லூக்",
        "short_name": "லூக்",
        "sorting_order": 4200
    },
    {
        "book_color": "#ff6600",
        "book_number": 500,
        "long_name": "யோவா",
        "short_name": "யோவா",
        "sorting_order": 4300
    },
    {
        "book_color": "#00ffff",
        "book_number": 510,
        "long_name": "அப்",
        "short_name": "அப்",
        "sorting_order": 4400
    },
    {
        "book_color": "#ffff00",
        "book_number": 520,
        "long_name": "ரோமர்",
        "short_name": "ரோமர்",
        "sorting_order": 4500
    },
    {
        "book_color": "#ffff00",
        "book_number": 530,
        "long_name": "1 கொரி",
        "short_name": "1கொரி",
        "sorting_order": 4600
    },
    {
        "book_color": "#ffff00",
        "book_number": 540,
        "long_name": "2 கொரி",
        "short_name": "2கொரி",
        "sorting_order": 4700
    },
    {
        "book_color": "#ffff00",
        "book_number": 550,
        "long_name": "கலா",
        "short_name": "கலா",
        "sorting_order": 4800
    },
    {
        "book_color": "#ffff00",
        "book_number": 560,
        "long_name": "எபே",
        "short_name": "எபே",
        "sorting_order": 4900
    },
    {
        "book_color": "#ffff00",
        "book_number": 570,
        "long_name": "பிலி",
        "short_name": "பிலி",
        "sorting_order": 5000
    },
    {
        "book_color": "#ffff00",
        "book_number": 580,
        "long_name": "கொலோ",
        "short_name": "கொலோ",
        "sorting_order": 5100
    },
    {
        "book_color": "#ffff00",
        "book_number": 590,
        "long_name": "1 தெச",
        "short_name": "1தெச",
        "sorting_order": 5200
    },
    {
        "book_color": "#ffff00",
        "book_number": 600,
        "long_name": "2 தெச",
        "short_name": "2தெச",
        "sorting_order": 5300
    },
    {
        "book_color": "#ffff00",
        "book_number": 610,
        "long_name": "1 தீமோ",
        "short_name": "1தீமோ",
        "sorting_order": 5400
    },
    {
        "book_color": "#ffff00",
        "book_number": 620,
        "long_name": "2 தீமோ",
        "short_name": "2தீமோ",
        "sorting_order": 5500
    },
    {
        "book_color": "#ffff00",
        "book_number": 630,
        "long_name": "தீத்",
        "short_name": "தீத்",
        "sorting_order": 5600
    },
    {
        "book_color": "#ffff00",
        "book_number": 640,
        "long_name": "பிலே",
        "short_name": "பிலே",
        "sorting_order": 5700
    },
    {
        "book_color": "#ffff00",
        "book_number": 650,
        "long_name": "எபி",
        "short_name": "எபி",
        "sorting_order": 5800
    },
    {
        "book_color": "#00ff00",
        "book_number": 660,
        "long_name": "யாக்",
        "short_name": "யாக்",
        "sorting_order": 5900
    },
    {
        "book_color": "#00ff00",
        "book_number": 670,
        "long_name": "1 பேது",
        "short_name": "1பேது",
        "sorting_order": 6000
    },
    {
        "book_color": "#00ff00",
        "book_number": 680,
        "long_name": "2 பேது",
        "short_name": "2பேது",
        "sorting_order": 6100
    },
    {
        "book_color": "#00ff00",
        "book_number": 690,
        "long_name": "1 யோவா",
        "short_name": "1யோவா",
        "sorting_order": 6200
    },
    {
        "book_color": "#00ff00",
        "book_number": 700,
        "long_name": "2 யோவா",
        "short_name": "2யோவா",
        "sorting_order": 6300
    },
    {
        "book_color": "#00ff00",
        "book_number": 710,
        "long_name": "3 யோவா",
        "short_name": "3யோவா",
        "sorting_order": 6400
    },
    {
        "book_color": "#00ff00",
        "book_number": 720,
        "long_name": "யூதா",
        "short_name": "யூதா",
        "sorting_order": 6500
    },
    {
        "book_color": "#ff7c80",
        "book_number": 730,
        "long_name": "வெளி",
        "short_name": "வெளி",
        "sorting_order": 6600
    }
]