[
    {
        "name": "description",
        "value": "இண்டியன் ரிவைஸ்டு வெர்ஸன் (IRV) - தமிழ்"
    },
    {
        "name": "detailed_info",
        "value": "Indian Revised Version (IRV) Tamil - 2019 – இண்டியன் ரிவைஸ்டு வெர்ஸன் (IRV) - தமிழ் <br/>\r\nCC BY SA <br/>\r\nBridge Connectivity Solutions Pvt. Ltd. <br/>\r\nTamil — தமிழ்"
    },
    {
        "name": "language",
        "value": "ta"
    },
    {
        "name": "chapter_string",
        "value": "அத்தியாயம் %s"
    },
    {
        "name": "chapter_string_ps",
        "value": "சங்கீதம் %s"
    },
    {
        "name": "html_style",
        "value": "i  { color: %COLOR_BLUE%; } \nem { color: %COLOR_BLUE%; } \na  { text-decoration: none; } \nspan.sc { font-variant: small-caps; } \nspan.pn { text-decoration: underline; } \nspan.RTL { direction: rtl; display: inline; } "
    },
    {
        "name": "add_space_before_footnote_marker",
        "value": "true"
    },
    {
        "name": "origin",
        "value": "Created by Oleg Safonov (E-mail: osafonov@gmail.com, Telegram: @osafonov).\nOrigin: https://www.bible.com/versions/1899"
    },
    {
        "name": "history_of_changes",
        "value": "(2021-05-14) Published"
    }
]