﻿book_number,short_name,long_name,book_color,sorting_order
10,ஆதி,ஆதி,#ccccff,100
20,யாத்,யாத்,#ccccff,200
30,லேவி,லேவி,#ccccff,300
40,எண்,எண்,#ccccff,400
50,உபா,உபா,#ccccff,500
60,யோசு,யோசு,#ffcc99,600
70,நியா,நியா,#ffcc99,700
80,ரூத்,ரூத்,#ffcc99,800
90,1சாமு,1 சாமு,#ffcc99,900
100,2சாமு,2 சாமு,#ffcc99,1000
110,1இராஜா,1 இராஜா,#ffcc99,1100
120,2இராஜா,2 இராஜா,#ffcc99,1200
130,1நாளா,1 நாளா,#ffcc99,1300
140,2நாளா,2 நாளா,#ffcc99,1400
150,எஸ்றா,எஸ்றா,#ffcc99,1500
160,நெகே,நெகே,#ffcc99,1600
190,எஸ்த,எஸ்த,#ffcc99,1700
220,யோபு,யோபு,#66ff99,1800
230,சங்,சங்,#66ff99,1900
240,நீதி,நீதி,#66ff99,2000
250,பிரச,பிரச,#66ff99,2100
260,உன்,உன்,#66ff99,2200
290,ஏசா,ஏசா,#ff9fb4,2300
300,எரே,எரே,#ff9fb4,2400
310,புலம்,புலம்,#ff9fb4,2500
330,எசேக்,எசேக்,#ff9fb4,2600
340,தானி,தானி,#ff9fb4,2700
350,ஓசியா,ஓசியா,#ffff99,2800
360,யோவே,யோவேல்,#ffff99,2900
370,ஆமோ,ஆமோ,#ffff99,3000
380,ஒபதி,ஒபதி,#ffff99,3100
390,யோனா,யோனா,#ffff99,3200
400,மீகா,மீகா,#ffff99,3300
410,நாகூ,நாகூ,#ffff99,3400
420,ஆப,ஆப,#ffff99,3500
430,செப்ப,செப்ப,#ffff99,3600
440,ஆகாய்,ஆகாய்,#ffff99,3700
450,சகரி,சகரி,#ffff99,3800
460,மல்கி,மல்கி,#ffff99,3900
470,மத்,மத்,#ff6600,4000
480,மாற்,மாற்,#ff6600,4100
490,லூக்,லூக்,#ff6600,4200
500,யோவா,யோவா,#ff6600,4300
510,அப்,அப்,#00ffff,4400
520,ரோமர்,ரோமர்,#ffff00,4500
530,1கொரி,1 கொரி,#ffff00,4600
540,2கொரி,2 கொரி,#ffff00,4700
550,கலா,கலா,#ffff00,4800
560,எபே,எபே,#ffff00,4900
570,பிலி,பிலி,#ffff00,5000
580,கொலோ,கொலோ,#ffff00,5100
590,1தெச,1 தெச,#ffff00,5200
600,2தெச,2 தெச,#ffff00,5300
610,1தீமோ,1 தீமோ,#ffff00,5400
620,2தீமோ,2 தீமோ,#ffff00,5500
630,தீத்,தீத்,#ffff00,5600
640,பிலே,பிலே,#ffff00,5700
650,எபி,எபி,#ffff00,5800
660,யாக்,யாக்,#00ff00,5900
670,1பேது,1 பேது,#00ff00,6000
680,2பேது,2 பேது,#00ff00,6100
690,1யோவா,1 யோவா,#00ff00,6200
700,2யோவா,2 யோவா,#00ff00,6300
710,3யோவா,3 யோவா,#00ff00,6400
720,யூதா,யூதா,#00ff00,6500
730,வெளி,வெளி,#ff7c80,6600
