﻿book_number,short_name,long_name,title,book_color,is_present,sorting_order
10,ஆதி,ஆதி,ஆதியாகமம்,#ccccff,1,100
20,யாத்,யாத்,யாத்திராகமம்,#ccccff,1,200
30,லேவி,லேவி,லேவியராகமம்,#ccccff,1,300
40,எண்,எண்,எண்ணாகமம்,#ccccff,1,400
50,உபா,உபா,உபாகமம்,#ccccff,1,500
60,யோசு,யோசு,யோசுவா,#ffcc99,1,600
70,நியா,நியா,நியாயாதிபதிகள்,#ffcc99,1,700
80,ரூத்,ரூத்,ரூத்,#ffcc99,1,800
90,1சாமு,1 சாமு,1 சாமுவேல்,#ffcc99,1,900
100,2சாமு,2 சாமு,2 சாமுவேல்,#ffcc99,1,1000
110,1இராஜா,1 இராஜா,1 இராஜாக்கள்,#ffcc99,1,1100
120,2இராஜா,2 இராஜா,2 இராஜாக்கள்,#ffcc99,1,1200
130,1நாளா,1 நாளா,1 நாளாகமம்,#ffcc99,1,1300
140,2நாளா,2 நாளா,2 நாளாகமம்,#ffcc99,1,1400
150,எஸ்றா,எஸ்றா,எஸ்றா,#ffcc99,1,1500
160,நெகே,நெகே,நெகேமியா,#ffcc99,1,1600
190,எஸ்த,எஸ்த,எஸ்தர்,#ffcc99,1,1700
220,யோபு,யோபு,யோபு,#66ff99,1,1800
230,சங்,சங்,சங்கீதங்கள்,#66ff99,1,1900
240,நீதி,நீதி,நீதிமொழிகள்,#66ff99,1,2000
250,பிரச,பிரச,பிரசங்கி,#66ff99,1,2100
260,உன்,உன்,உன்னதப்பாட்டு,#66ff99,1,2200
290,ஏசா,ஏசா,ஏசாயா,#ff9fb4,1,2300
300,எரே,எரே,எரேமியா,#ff9fb4,1,2400
310,புலம்,புலம்,புலம்பல்,#ff9fb4,1,2500
330,எசேக்,எசேக்,எசேக்கியேல்,#ff9fb4,1,2600
340,தானி,தானி,தானியேல்,#ff9fb4,1,2700
350,ஓசியா,ஓசியா,ஓசியா,#ffff99,1,2800
360,யோவே,யோவேல்,யோவேல்,#ffff99,1,2900
370,ஆமோ,ஆமோ,ஆமோஸ்,#ffff99,1,3000
380,ஒபதி,ஒபதி,ஒபதியா,#ffff99,1,3100
390,யோனா,யோனா,யோனா,#ffff99,1,3200
400,மீகா,மீகா,மீகா,#ffff99,1,3300
410,நாகூ,நாகூ,நாகூம்,#ffff99,1,3400
420,ஆப,ஆப,ஆபகூக்,#ffff99,1,3500
430,செப்ப,செப்ப,செப்பனியா,#ffff99,1,3600
440,ஆகாய்,ஆகாய்,ஆகாய்,#ffff99,1,3700
450,சகரி,சகரி,சகரியா,#ffff99,1,3800
460,மல்கி,மல்கி,மல்கியா,#ffff99,1,3900
470,மத்,மத்,மத்தேயு,#ff6600,1,4000
480,மாற்,மாற்,மாற்கு,#ff6600,1,4100
490,லூக்,லூக்,லூக்கா,#ff6600,1,4200
500,யோவா,யோவா,யோவான்,#ff6600,1,4300
510,அப்,அப்,அப்போஸ்தலருடைய நடபடிகள்,#00ffff,1,4400
520,ரோமர்,ரோமர்,ரோமர்,#ffff00,1,4500
530,1கொரி,1 கொரி,1 கொரிந்தியர்,#ffff00,1,4600
540,2கொரி,2 கொரி,2 கொரிந்தியர்,#ffff00,1,4700
550,கலா,கலா,கலாத்தியர்,#ffff00,1,4800
560,எபே,எபே,எபேசியர்,#ffff00,1,4900
570,பிலி,பிலி,பிலிப்பியர்,#ffff00,1,5000
580,கொலோ,கொலோ,கொலோசெயர்,#ffff00,1,5100
590,1தெச,1 தெச,1 தெசலோனிக்கேயர்,#ffff00,1,5200
600,2தெச,2 தெச,2 தெசலோனிக்கேயர்,#ffff00,1,5300
610,1தீமோ,1 தீமோ,1 தீமோத்தேயு,#ffff00,1,5400
620,2தீமோ,2 தீமோ,2 தீமோத்தேயு,#ffff00,1,5500
630,தீத்,தீத்,தீத்து,#ffff00,1,5600
640,பிலே,பிலே,பிலேமோன்,#ffff00,1,5700
650,எபி,எபி,எபிரெயர்,#ffff00,1,5800
660,யாக்,யாக்,யாக்கோபு,#00ff00,1,5900
670,1பேது,1 பேது,1 பேதுரு,#00ff00,1,6000
680,2பேது,2 பேது,2 பேதுரு,#00ff00,1,6100
690,1யோவா,1 யோவா,1 யோவான்,#00ff00,1,6200
700,2யோவா,2 யோவா,2 யோவான்,#00ff00,1,6300
710,3யோவா,3 யோவா,3 யோவான்,#00ff00,1,6400
720,யூதா,யூதா,யூதா,#00ff00,1,6500
730,வெளி,வெளி,வெளிப்படுத்தின விசேஷம்,#ff7c80,1,6600
