[
    {
        "name": "description",
        "value": "பரிசுத்த வேதாகமம் O.V. (BSI), 2017"
    },
    {
        "name": "html_style",
        "value": "i  { color: %COLOR_BLUE%; } \r\nem { color: %COLOR_BLUE%; } \r\na  { text-decoration: none; } \r\nspan.sc { font-variant: small-caps; } \r\n"
    },
    {
        "name": "detailed_info",
        "value": "Tamil Older Version Bible (BSI) – பரிசுத்த வேதாகமம் O.V. (BSI) <br/>\r\nTamil O.V. Bible - பரிசுத்த வேதாகமம் O.V. <br/>\r\nCopyright © 2017 by The Bible Society of India <br/>\r\nAll rights reserved worldwide."
    },
    {
        "name": "language",
        "value": "ta"
    },
    {
        "name": "chapter_string",
        "value": "அத்தியாயம் %s"
    },
    {
        "name": "chapter_string_ps",
        "value": "சங்கீதம் %s"
    },
    {
        "name": "history_of_changes",
        "value": "(2018-12-24) Books abbreviations were fixed\n(2018-03-19) Re-created\n(2015-12-20) Chapter\n(2014-02-04) Published"
    }
]